Workbook

Sheet ASS June2017
A1: GROUND WATER POTENTIAL OF PEESANGAN GW CLUSTER OF DISTRICT: AJMER AS ON JUNE 2017 | Q1: GROUND WATER POTENTIAL OF PEESANGAN GW CLUSTER OF DISTRICT: AJMER AS ON JUNE 2017 | AG1: GROUND WATER POTENTIAL OF PEESANGAN GW CLUSTER OF DISTRICT: AJMER AS ON JUNE 2017 | AW1: GROUND WATER POTENTIAL OF PEESANGAN GW CLUSTER OF DISTRICT: AJMER AS ON JUNE 2017 | BM1: GROUND WATER POTENTIAL OF PEESANGAN GW CLUSTER OF DISTRICT: AJMER AS ON JUNE 2017
A2: ESTIMATION OF GROUND WATER RECHARGE IN MONSOON PERIOD BY WATER TABLE FLUCTUATION METHOD | Q2: ESTIMATION OF GROUND WATER RECHARGE IN MONSOON PERIOD | AG2: NONMONSOONAL RECHARGE BY R.I.F. APPROACH AND BY OTHER SOURCES AND ANNUAL GROUND WATER AVAILABILITY | AW2: GROUND WATER RECHARGE,EXTRACTION & STAGE OF GROUND WATER DEVELOPMENT | BM2: GROUND WATER RECHARGE,EXTRACTION & STAGE OF GROUND WATER DEVELOPMENT
A4: Year | B4: Potential zone area | C4: Water Level Fluctuation | D4: Specific Yield | E4: Gross Kharif Draft (Agr.+ Dom.) | F4: Monsoon Recharge from Ground water Irrig. ( Rgw) | G4: Monsoon Recharge from canal (Rc) | H4: Monsoon Recharge from SWI (Rsw) | I4: Monsoon Recharge from Tanks & Ponds (Rt) | J4: Rainfall Recharge (Ri) | K4: Gross Agriculture Draft* | L4: Gross Domestic Draft | M4: Normal Monsoon Rainfall ( r ) | N4: Monsoon Rainfall (ri) | O4: Rainfall * Rainfall Monsoon (ri*ri) | P4: Monsoon Rainfall* Recharge (ri*Ri*) | Q4: Block | R4: Type of Area | S4: Potential Zone | T4: S1 (Sum of Rainfall in Monsoon) | U4: S2 (Sum of Rainfall Recharge in Monsoon) | V4: S3 (Sum of Rainfall* Rainfall Monsoon) | W4: S4 (Sum of Monsoon Rainfall* Recharge) | X4: (a) (Constant) | Y4: (b) (Constant) | Z4: Rrf normal (Linear regression method (a*x+b) | AA4: R.I. Factor | AB4: Monsoon Recharge Rrf (Normal rifm) | AC4: (PD)(percentage deviation) | AD4: Accepted Value of Monsoon Rainfall recharge Rrf (Normal) | AE4: Total Recharge from other sources | AF4: Total recharge during monsoon season R (normal) | AG4: Block | AH4: Type of Area | AI4: Potential zone | AJ4: Potential Zone area | AK4: R.I Factor | AL4: Normal Non-monsoon rainfall | AM4: Normal Annual Rainfall | AN4: Recharge from Rainfall during non-monsoon | AO4: Recharge from ground water irrigation (Rgw) | AP4: Non monsoon recharge from canal (Rc) | AQ4: Non- monsoon Recharge from SWI (Rsw) | AR4: Non- monsoon Recharge from Tanks & Ponds (Rt) | AS4: Recharge from other sources (Rgw+Rc+Rsw+Rt) | AT4: Total Recharge in Non- monsoon season | AU4: Total Annual ground water Recharge | AV4: Natural Discharge during non- monsoon season | AW4: Block | AX4: Area of Block | AY4: Type of Area | AZ4: Potential zone | BA4: Potential zone area | BB4: Net Annual Ground Water Availability | BC4: Existing Gross Ground Water Draft for Irrigation | BD4: Existing Gross G.W. Draft for Dom. & Ind. Use | BE4: Existing Gross Ground Water Draft for all uses | BF4: Allocation for Dom. & Ind. Requirement for 2025 | BG4: Net G.W. Availability for future Irr. Dev. | BH4: Stage of G.W. Develop- ment. | BI4: Whether significant decline in Pre monsoon W.L. | BJ4: Whether significant decline in post monsoon W.L. | BK4: Category | BL4: Annual Potential Recharge (mcm) | BM4: Block | BN4: Area of Block | BO4: Type of Area | BP4: Potential zone | BQ4: Potential zone area | BR4: Total Annual ground water Recharge | BS4: Natural Discharge during non- monsoon season | BT4: Net Annual Ground Water Availability | BU4: Existing Gross Ground Water Draft for Irrigation | BV4: Existing Gross G.W. Draft for Dom. & Ind. Use | BW4: Existing Gross Ground Water Draft for all uses | BX4: Allocation for Dom. & Ind. Requirement for 2025 | BY4: Net G.W. Availability for future Irr. Dev. | BZ4: Stage of G.W. Develop- ment. | CA4: Whether significant decline in Pre monsoon W.L. | CB4: Whether significant decline in post monsoon W.L. | CC4: Category
B5: (Sq.Km.) | C5: (m) | D5: (%) | E5: (mcm) | F5: (mcm) | G5: (mcm) | H5: (mcm) | I5: (mcm) | J5: (mcm) | K5: (mcm) | M5: (m) | N5: (m) | T5: (m) | U5: (mcm) | V5: (mcm) | W5: (mcm) | AB5: (mcm) | AC5: (%) | AD5: (mcm) | AE5: (mcm) | AJ5: (Sq.Km.) | AL5: (m) | AM5: (m) | AN5: (mcm) | AO5: (mcm) | AP5: (mcm) | AQ5: (mcm) | AR5: (mcm) | AS5: (mcm) | AT5: (mcm) | AU5: (mcm) | AV5: ( mcm ) | AX5: (Sq.Km.) | BA5: (Sq.kms) | BB5: (mcm) | BC5: (mcm) | BD5: (mcm) | BE5: (mcm) | BF5: (mcm) | BG5: (mcm) | BH5: (%) | BI5: (Yes/No) | BJ5: (Yes/No) | BN5: (Sq.Km.) | BQ5: (Sq.kms) | BR5: (mcm) | BS5: ( mcm ) | BT5: (mcm) | BU5: (mcm) | BV5: (mcm) | BW5: (mcm) | BX5: (mcm) | BY5: (mcm) | BZ5: (%) | CA5: (Yes/No) | CB5: (Yes/No)
A6: 1 | B6: 2 | C6: 3 | D6: 4 | E6: 5 | F6: 6 | G6: 7 | H6: 8 | I6: 9 | J6: 10 | K6: 11 | L6: 12 | M6: 13 | N6: 14 | O6: 15 | P6: 16 | Q6: 17 | R6: 18 | S6: 19 | T6: 20 | U6: 21 | V6: 22 | W6: 23 | X6: 24 | Y6: 25 | Z6: 26 | AA6: 27 | AB6: 28 | AC6: 29 | AD6: 30 | AE6: 31 | AF6: 32 | AG6: 33 | AH6: 34 | AI6: 35 | AJ6: 36 | AK6: 37 | AL6: 38 | AM6: 39 | AN6: 40 | AO6: 41 | AP6: 42 | AQ6: 43 | AR6: 44 | AS6: 45 | AT6: 46 | AU6: 47 | AV6: 48 | AW6: 49 | AX6: 50 | AY6: 51 | AZ6: 52 | BA6: 53 | BB6: 54 | BC6: 55 | BD6: 56 | BE6: 57 | BF6: 58 | BG6: 59 | BH6: 60 | BI6: 61 | BJ6: 62 | BK6: 63 | BL6: 64 | BM6: 1 | BN6: 2 | BO6: 3 | BP6: 4 | BQ6: 5 | BR6: 6 | BS6: 7 | BT6: 8 | BU6: 9 | BV6: 10 | BW6: 11 | BX6: 12 | BY6: 13 | BZ6: 14 | CA6: 15 | CB6: 16 | CC6: 17
A7: PEESANGAN GW CLUSTER
A8: 2012 | B8: 318.25 | C8: ='WaterLevel 12-16'!I88 -> 2.4505882 | D8: 0.12 | E8: =SUM(ROUND(K8*0.25,4),ROUND(L8*120/365,4)) -> 15.4355 | F8: =ROUND((K8*0.25)*0.15,4) -> 2.0693 | I8: 0.5252 | J8: =ROUND(((B8*C8*D8)+(E8-F8-I8-G8-H8)),4) -> 106.429 | K8: 55.18 | L8: 4.99 | M8: =NormalRF!C6*0.001 -> 0.39302 | N8: ='MonthlyRF n'!F23*0.001 -> 0.577 | O8: =(N8*N8) -> 0.332929 | P8: =ROUND(J8*N8,4) -> 61.4095 | Q8: =A7 -> PEESANGAN GW CLUSTER | R8: NC | S8: A | T8: =SUM(N8:N12) -> 2.5715 | U8: =SUM(J8:J12) -> 329.1168 | V8: =SUM(O8:O12) -> 1.3887978 | W8: =SUM(P8:P12) -> 184.7602 | X8: =(5*W8-(T8*U8))/(5*V8-(T8*T8)) -> 233.80399 | Y8: =(U8-(X8*T8))/5 -> -54.422033 | Z8: =ROUND(X8*M12+Y8,4) -> 39.9109 | AA8: 0.12 | AB8: =ROUND(AA8*M12*B12,4) -> 15.4085 | AC8: =((Z8-AB8)*100)/AB8 -> 159.01872 | AD8: =IF(AC8<-20,AB8*0.8,IF(AC8>20,AB8*1.2,Z8)) -> 18.4902 | AE8: =(F12+G12+H12+I12) -> 2.5596186 | AF8: =(+AD8+AE8) -> 21.049819 | AG8: =Q8 -> PEESANGAN GW CLUSTER | AH8: NC | AI8: A | AJ8: =B12 -> 318.25 | AK8: =AA8 -> 0.12 | AL8: =NormalRF!M6/1000 -> 0.04058 | AM8: =M12+AL8 -> 0.44405 | AN8: =IF(AL8>0.1*AM8,AJ8*AK8*AL8,0) -> 0 | AO8: =K12*0.75*0.15 -> 6.0195925 | AP8: 0 | AQ8: 0 | AR8: ='Seep-Tank-III'!H50 -> 0.9218643 | AS8: =SUM(AO8:AR8) -> 6.9414568 | AT8: =(AN8+AS8) -> 6.9414568 | AU8: =(AF8+AT8) -> 27.991275 | AV8: =ROUND(AU8*0.1,4) -> 2.7991 | AW8: =Q8 -> PEESANGAN GW CLUSTER | AX8: =AJ8 -> 318.25 | AY8: =AH8 -> NC | AZ8: =AI8 -> A | BA8: =B8 -> 318.25 | BB8: =(AU8-AV8) -> 25.192175 | BC8: =Compar!Q8 -> 53.507489 | BD8: =Compar!O8 -> 6.356475 | BE8: =(BC8+BD8) -> 59.863964 | BF8: ='Projected Cal. '!E14 -> 7.4871 | BG8: =BB8-BF8 -> 17.705075 | BH8: =ROUND((BE8*100)/BB8,2) -> 237.63 | BI8: ='Trend '!H16 -> YES | BJ8: ='Trend '!I16 -> YES | BK8: =IF(BH8<=70,"SAFE",IF(BH8<=90,"SEMICRITICAL",IF(BH8<=100,"CRITICAL","OVER EXPLO."))) -> OVER EXPLO. | BL8: 0 | BM8: =AW8 -> PEESANGAN GW CLUSTER | BN8: =AX8 -> 318.25 | BO8: =AY8 -> NC | BP8: =AZ8 -> A | BQ8: =BA8 -> 318.25 | BR8: =AU8 -> 27.991275 | BS8: =AV8 -> 2.7991 | BT8: =BB8 -> 25.192175 | BU8: =BC8 -> 53.507489 | BV8: =BD8 -> 6.356475 | BW8: =BE8 -> 59.863964 | BX8: ='Projected Cal. '!E14 -> 7.4871 | BY8: =BT8-BX8 -> 17.705075 | BZ8: =BH8 -> 237.63 | CA8: =BI8 -> YES | CB8: =BJ8 -> YES | CC8: =BK8 -> OVER EXPLO.
A9: 2013 | B9: 318.25 | C9: ='WaterLevel 12-16'!L88 -> 0.18411765 | D9: 0.12 | E9: =SUM(ROUND(K9*0.25,4),ROUND(L9*120/365,4)) -> 15.8377 | F9: =ROUND((K9*0.25)*0.15,4) -> 2.0985 | I9: 0.3664 | J9: =ROUND(((B9*C9*D9)+(E9-F9-I9-G9-H9)),4) -> 20.4043 | K9: 55.96 | L9: 5.62 | M9: =NormalRF!E6*0.001 -> 0.3935 | N9: ='MonthlyRF n'!F24*0.001 -> 0.4025 | O9: =(N9*N9) -> 0.16200625 | P9: =ROUND(J9*N9,4) -> 8.2127
A10: 2014 | B10: 318.25 | C10: ='WaterLevel 12-16'!O88 -> 1.6247059 | D10: 0.12 | E10: =SUM(ROUND(K10*0.25,4),ROUND(L10*120/365,4)) -> 16.0672 | F10: =ROUND((K10*0.25)*0.05,4) -> 0.7064 | I10: 0.5772 | J10: =ROUND(((B10*C10*D10)+(E10-F10-I10-G10-H10)),4) -> 76.8311 | K10: 56.51 | L10: 5.9 | M10: =NormalRF!G6*0.001 -> 0.39893 | N10: ='MonthlyRF n'!F25*0.001 -> 0.634 | O10: =(N10*N10) -> 0.401956 | P10: =ROUND(J10*N10,4) -> 48.7109 | BV10: for next 25 years | BX10: ='Projected Cal. '!E30 -> 10.0341
A11: 2015 | B11: 318.25 | C11: ='WaterLevel 12-16'!R88 -> 0.6325 | D11: 0.12 | E11: =SUM(ROUND(K11*0.25,4),ROUND(L11*120/365,4)) -> 16.3935 | F11: =ROUND((K11*0.25)*0.15,4) -> 2.1548 | I11: 0.3191 | J11: =ROUND(((B11*C11*D11)+(E11-F11-I11-G11-H11)),4) -> 38.0748 | K11: 57.46 | L11: 6.17 | M11: =NormalRF!I6*0.001 -> 0.39903 | N11: ='MonthlyRF n'!F26*0.001 -> 0.3505 | O11: =(N11*N11) -> 0.12285025 | P11: =ROUND(J11*N11,4) -> 13.3452 | BV11: For the year 2025 | BX11: ='Projected Cal. '!E14 -> 7.4871
A12: 2016 | B12: 318.25 | C12: ='WaterLevel 12-16'!U88 -> 1.95 | D12: 0.12 | E12: =SUM(ROUND(K12*0.25,4),ROUND(L12*120/365,4)) -> 15.4667 | F12: =ROUND((K12*0.25)*0.15,4) -> 2.0065 | I12: ='Seep-Tank-III'!I50 -> 0.55311858 | J12: =ROUND(((B12*C12*D12)+(E12-F12-I12-G12-H12)),4) -> 87.3776 | K12: =Compar!Q8 -> 53.507489 | L12: ='Dom Draft IV'!J136 -> 6.356475 | M12: =NormalRF!K6*0.001 -> 0.40347 | N12: ='MonthlyRF n'!F27*0.001 -> 0.6075 | O12: =(N12*N12) -> 0.36905625 | P12: =ROUND(J12*N12,4) -> 53.0819
A14: Note * : Peesangan Block is notified by the CGWA since 2011

Sheet irr. pot.
A1: TABLE - : IRRIGATION POTENTIAL OF PEESANGAN GW CLUSTER (JUNE 2017)
A2: Sr. No. | B2: Block | C2: Net Available Ground water Recharge (Ha.m/Yr) | D2: Net Irrigation Requirement (m) | E2: Ground Water Draft for Irrigation (ha.m/Yr) | F2: Irrigation Potential Created (ha) [col.5/4] | G2: Allocation of Domestic and Industrial need for the Year 2025 (ha.m/yr) | H2: Ground Water Balance (ha.m) [Col.3-5-7] | I2: Balance Irrigation Potential from Ground Water (ha) [Col.8/4] | J2: Ultimate Irrigation Potential from Ground water (ha) [Col.6+9]
A3: 1 | B3: 2 | C3: 3 | D3: 4 | E3: 5 | F3: 6 | G3: 7 | H3: 8 | I3: 9 | J3: 10
A4: 1 | B4: Peesangan GW Cluster | C4: ='ASS June2017'!BT8*100 -> 2519.2175 | D4: 0.55 | E4: ='ASS June2017'!BU8*100 -> 5350.7489 | F4: =E4/D4 -> 9728.6344 | G4: ='ASS June2017'!BF8*100 -> 748.71 | H4: =C4-E4-G4 -> -3580.2414 | I4: =H4/D4 -> -6509.5298 | J4: =F4+I4 -> 3219.1046
A6: Source: Data as per the Detailed Hydrogeological Survey of 100% GW extraction Units falls under aquifer boundary being conducted during March - April 2017 by CA Arpan Seva Sansthan under RACP

Sheet Rech-Tank-II
B1: TABLE-II : RECAHRGE FROM SURFACE WATER IRRIGATION BY TANKS & PONDS FOR THE YEAR 2016 OF PEESANGAN GW CLUSTER AJMER DISTRICT
A3: S. No. | B3: Name of village | C3: Zone | D3: Hydrogeological Formation | E3: Crop Type | F3: Irrigated Area (Sq.Km) By Tanks & Canal IRRIGATED AREA IN SQ.KM. | G3: Average Depth of Water Applied (m) | H3: Total water applied (mcm) | I3: Seepage Factor | J3: Non-Monsoon Seepage (mcm) | K3: Total Seepage (mcm)
A4: 1 | B4: 2 | C4: 3 | D4: 4 | E4: 5 | F4: 6 | G4: 7 | H4: 8 | I4: 9 | J4: 10 | K4: 11
A5: 1 | B5: Ambamassena | C5: A | D5: ALLUVIUM | E5: RABI | F5: 0.181 | G5: 0.2 | H5: =F5*G5 -> 0.0362 | I5: 0.3 | J5: _ | K5: =H5*I5 -> 0.01086
A6: 2 | B6: Ambamassena | C6: A | D6: ALLUVIUM | E6: RABI | F6: 0.181 | G6: 0.2 | H6: =F6*G6 -> 0.0362 | I6: 0.3 | J6: _ | K6: =H6*I6 -> 0.01086
A7: 3 | B7: Bhagwanpura | C7: A | D7: ALLUVIUM | E7: RABI | F7: 0.1086 | G7: 0.2 | H7: =F7*G7 -> 0.02172 | I7: 0.3 | J7: _ | K7: =H7*I7 -> 0.006516
A8: 4 | B8: Bhanwta | C8: A | D8: ALLUVIUM | E8: RABI | F8: 0.0113125 | G8: 0.2 | H8: =F8*G8 -> 0.0022625 | I8: 0.3 | J8: _ | K8: =H8*I8 -> 0.00067875
A9: 5 | B9: Bhanwta | C9: A | D9: ALLUVIUM | E9: RABI | F9: 0.0113125 | G9: 0.2 | H9: =F9*G9 -> 0.0022625 | I9: 0.3 | J9: _ | K9: =H9*I9 -> 0.00067875
A10: 6 | B10: Dantra | C10: A | D10: ALLUVIUM | E10: RABI | F10: 0.181 | G10: 0.2 | H10: =F10*G10 -> 0.0362 | I10: 0.3 | J10: _ | K10: =H10*I10 -> 0.01086
A11: 7 | B11: Dev Nagar | C11: A | D11: ALLUVIUM | E11: RABI | F11: 0.0040725 | G11: 0.2 | H11: =F11*G11 -> 0.0008145 | I11: 0.3 | K11: =H11*I11 -> 0.00024435
A12: 8 | B12: Dodiyana | C12: A | D12: ALLUVIUM | E12: RABI | F12: 0.1629 | G12: 0.2 | H12: =F12*G12 -> 0.03258 | I12: 0.3 | J12: _ | K12: =H12*I12 -> 0.009774
A13: 9 | B13: Ganahera | C13: A | D13: ALLUVIUM | E13: RABI | F13: 0.1991 | G13: 0.2 | H13: =F13*G13 -> 0.03982 | I13: 0.3 | J13: _ | K13: =H13*I13 -> 0.011946
A14: 10 | B14: Ganahera | C14: A | D14: ALLUVIUM | E14: RABI | F14: 0.181 | G14: 0.2 | H14: =F14*G14 -> 0.0362 | I14: 0.3 | J14: _ | K14: =H14*I14 -> 0.01086
A15: 11 | B15: Govindgarh | C15: A | D15: ALLUVIUM | E15: RABI | F15: 0.1991 | G15: 0.2 | H15: =F15*G15 -> 0.03982 | I15: 0.3 | K15: =H15*I15 -> 0.011946
A16: 12 | B16: Govindgarh | C16: A | D16: ALLUVIUM | E16: RABI | F16: 0.001086 | G16: 0.2 | H16: =F16*G16 -> 0.0002172 | I16: 0.3 | J16: _ | K16: =H16*I16 -> 6.516e-05
A17: 13 | B17: Kadel | C17: A | D17: ALLUVIUM | E17: RABI | F17: 0.1448 | G17: 0.2 | H17: =F17*G17 -> 0.02896 | I17: 0.3 | J17: _ | K17: =H17*I17 -> 0.008688
A18: 14 | B18: Kadel | C18: A | D18: ALLUVIUM | E18: RABI | F18: 0.1629 | G18: 0.2 | H18: =F18*G18 -> 0.03258 | I18: 0.3 | J18: _ | K18: =H18*I18 -> 0.009774
A19: 15 | B19: Kadel | C19: A | D19: ALLUVIUM | E19: RABI | F19: 0.181 | G19: 0.2 | H19: =F19*G19 -> 0.0362 | I19: 0.3 | J19: _ | K19: =H19*I19 -> 0.01086
A20: 16 | B20: Kadel | C20: A | D20: ALLUVIUM | E20: RABI | F20: 0.181 | G20: 0.2 | H20: =F20*G20 -> 0.0362 | I20: 0.3 | J20: _ | K20: =H20*I20 -> 0.01086
A21: 17 | B21: Kadel | C21: A | D21: ALLUVIUM | E21: RABI | F21: 0.1448 | G21: 0.2 | H21: =F21*G21 -> 0.02896 | I21: 0.3 | J21: _ | K21: =H21*I21 -> 0.008688
A22: 18 | B22: Kadel | C22: A | D22: ALLUVIUM | E22: RABI | F22: 0.1629 | G22: 0.2 | H22: =F22*G22 -> 0.03258 | I22: 0.3 | J22: _ | K22: =H22*I22 -> 0.009774
A23: 19 | B23: Kalesara | C23: A | D23: ALLUVIUM | E23: RABI | F23: 0.181 | G23: 0.2 | H23: =F23*G23 -> 0.0362 | I23: 0.3 | J23: _ | K23: =H23*I23 -> 0.01086
A24: 20 | B24: Khori | C24: A | D24: ALLUVIUM | E24: RABI | F24: 0.1991 | G24: 0.2 | H24: =F24*G24 -> 0.03982 | I24: 0.3 | J24: _ | K24: =H24*I24 -> 0.011946
A25: 21 | B25: Kishanpura | C25: A | D25: ALLUVIUM | E25: RABI | F25: 0.0011584 | G25: 0.2 | H25: =F25*G25 -> 0.00023168 | I25: 0.3 | J25: _ | K25: =H25*I25 -> 6.9504e-05
A26: 22 | B26: Kishanpura Goyla | C26: A | D26: ALLUVIUM | E26: RABI | F26: 0.1448 | G26: 0.2 | H26: =F26*G26 -> 0.02896 | I26: 0.3 | J26: _ | K26: =H26*I26 -> 0.008688
A27: 23 | B27: Majhewla | C27: A | D27: ALLUVIUM | E27: RABI | F27: 0.0113125 | G27: 0.2 | H27: =F27*G27 -> 0.0022625 | I27: 0.3 | J27: _ | K27: =H27*I27 -> 0.00067875
... A48: 44 | B48: Tilora | C48: A | D48: ALLUVIUM | E48: RABI | F48: 0.181 | G48: 0.2 | H48: =F48*G48 -> 0.0362 | I48: 0.3 | J48: _ | K48: =H48*I48 -> 0.01086
F49: 5.0948423
A50: Source: Data as per the Detailed Hydrogeological Survey of 100% GW extraction Units falls under aquifer boundary being conducted during March - April 2017 by CA Arpan Seva Sansthan under RACP

Sheet Seep-Tank-III
A1: TABLE : III - ESTIMATION OF SEEPAGE FROM TANKS
A3: Sr. No. | B3: Village | C3: Potential Zone | D3: Number of Tanks | E3: Total Water Spread Area (Sq.Km.) | F3: Seepage Factor 1.4mm/day | G3: Total Yearly Seepage 240 days (mcm) | H3: Seepage in Non-monsoon period (150 days) (mcm) | I3: Monsoon Seepage 90 days (mcm)
A4: 1 | B4: 2 | C4: 3 | D4: 4 | E4: 5 | F4: 6 | G4: 7 | H4: 8 | I4: 9
A5: 1 | B5: Ambamassena | C5: A | D5: 1 | E5: 0.1 | F5: 1.4 | G5: =SUM((E5*F5)*(240))/1000 -> 0.0336 | H5: =SUM((E5*F5)*(150))/1000 -> 0.021 | I5: =G5-H5 -> 0.0126
A6: 2 | B6: Ambamassena | C6: A | D6: 1 | E6: 0.1 | F6: 1.4 | G6: =SUM((E6*F6)*(240))/1000 -> 0.0336 | H6: =SUM((E6*F6)*(150))/1000 -> 0.021 | I6: =G6-H6 -> 0.0126
A7: 3 | B7: Bhagwanpura | C7: A | D7: 1 | E7: 0.06 | F7: 1.4 | G7: =SUM((E7*F7)*(240))/1000 -> 0.02016 | H7: =SUM((E7*F7)*(150))/1000 -> 0.0126 | I7: =G7-H7 -> 0.00756
A8: 4 | B8: Bhanwta | C8: A | D8: 1 | E8: 0.00625 | F8: 1.4 | G8: =SUM((E8*F8)*(240))/1000 -> 0.0021 | H8: =SUM((E8*F8)*(150))/1000 -> 0.0013125 | I8: =G8-H8 -> 0.0007875
A9: 5 | B9: Bhanwta | C9: A | D9: 1 | E9: 0.00625 | F9: 1.4 | G9: =SUM((E9*F9)*(240))/1000 -> 0.0021 | H9: =SUM((E9*F9)*(150))/1000 -> 0.0013125 | I9: =G9-H9 -> 0.0007875
A10: 6 | B10: Dantra | C10: A | D10: 1 | E10: 0.1 | F10: 1.4 | G10: =SUM((E10*F10)*(240))/1000 -> 0.0336 | H10: =SUM((E10*F10)*(150))/1000 -> 0.021 | I10: =G10-H10 -> 0.0126
A11: 7 | B11: Dev Nagar | C11: A | D11: 1 | E11: 0.00225 | F11: 1.4 | G11: =SUM((E11*F11)*(240))/1000 -> 0.000756 | H11: =SUM((E11*F11)*(150))/1000 -> 0.0004725 | I11: =G11-H11 -> 0.0002835
A12: 8 | B12: Dodiyana | C12: A | D12: 1 | E12: 0.09 | F12: 1.4 | G12: =SUM((E12*F12)*(240))/1000 -> 0.03024 | H12: =SUM((E12*F12)*(150))/1000 -> 0.0189 | I12: =G12-H12 -> 0.01134
A13: 9 | B13: Ganahera | C13: A | D13: 1 | E13: 0.11 | F13: 1.4 | G13: =SUM((E13*F13)*(240))/1000 -> 0.03696 | H13: =SUM((E13*F13)*(150))/1000 -> 0.0231 | I13: =G13-H13 -> 0.01386
A14: 10 | B14: Ganahera | C14: A | D14: 1 | E14: 0.1 | F14: 1.4 | G14: =SUM((E14*F14)*(240))/1000 -> 0.0336 | H14: =SUM((E14*F14)*(150))/1000 -> 0.021 | I14: =G14-H14 -> 0.0126
A15: 11 | B15: Govindgarh | C15: A | D15: 1 | E15: 0.11 | F15: 1.4 | G15: =SUM((E15*F15)*(240))/1000 -> 0.03696 | H15: =SUM((E15*F15)*(150))/1000 -> 0.0231 | I15: =G15-H15 -> 0.01386
A16: 12 | B16: Govindgarh | C16: A | D16: 1 | E16: 0.0006 | F16: 1.4 | G16: =SUM((E16*F16)*(240))/1000 -> 0.0002016 | H16: =SUM((E16*F16)*(150))/1000 -> 0.000126 | I16: =G16-H16 -> 7.56e-05
... A49: 45 | B49: Pushkar | C49: A | D49: 1 | E49: 1.575 | F49: 1.4 | G49: =SUM((E49*F49)*(240))/1000 -> 0.5292 | H49: =SUM((E49*F49)*(150))/1000 -> 0.33075 | I49: =G49-H49 -> 0.19845
D50: 1 | E50: =SUM(E5:E49) -> 4.38983 | F50: 1.4 | G50: =SUM((E50*F50)*(240))/1000 -> 1.4749829 | H50: =SUM((E50*F50)*(150))/1000 -> 0.9218643 | I50: =G50-H50 -> 0.55311858
A51: Source: Data as per the Village Base Line Survey of area of the village falls under aquifer boundary being conducted during March - April 2017 by CA Arpan Seva Sansthan under RACP

Sheet Dom Draft IV
A1: TABLE : IV - | C1: QUANTITATIVE ASSESSMENT OF ANNUAL PUMPAGE FROM EXISTING WELLS, TUBEWELLS AND HANDPUMPS IN USE FOR DRINKING PURPOSE IN ALLUVIUM POTENTIAL ZONES IN PEESANGAN GW CLUSTER, AJMER DISTRICT FOR THE YEAR 2016
A2: S. No. | B2: Village | C2: Zone | D2: Hydrogeological Formation | E2: Type of Well | F2: No. of Wells in use | G2: Average Discharge of Wells (LPD) | H2: No. of Operational Days | I2: Annual Withdrawl (mcm) | J2: Total Pumpage (mcm)
A3: 1 | B3: 2 | C3: 3 | D3: 4 | E3: 5 | F3: 6 | G3: 7 | H3: 8 | I3: 9 | J3: 10
A4: 1 | B4: Ambamassena | C4: A | D4: ALLUVIUM | E4: Tube well | F4: 0 | G4: 150000 | H4: 365 | I4: =F4*G4*H4/1000000000 -> 0 | J4: =SUM(I4:I6) -> 0.0438
E5: Dug cum Bore Well | F5: 1 | G5: 60000 | H5: 365 | I5: =F5*G5*H5/1000000000 -> 0.0219
E6: Dug well | F6: 4 | G6: 15000 | H6: 365 | I6: =F6*G6*H6/1000000000 -> 0.0219
A7: 2 | B7: Banseli | C7: A | D7: ALLUVIUM | E7: Tube well | F7: 1 | G7: 150000 | H7: 365 | I7: =F7*G7*H7/1000000000 -> 0.05475 | J7: =SUM(I7:I9) -> 0.1095
E8: Dug cum Bore Well | F8: 0 | G8: 60000 | H8: 365 | I8: =F8*G8*H8/1000000000 -> 0
E9: Dug well | F9: 10 | G9: 15000 | H9: 365 | I9: =F9*G9*H9/1000000000 -> 0.05475
A10: 3 | B10: Bhagwanpura | C10: A | D10: ALLUVIUM | E10: Tube well | F10: 2 | G10: 150000 | H10: 365 | I10: =F10*G10*H10/1000000000 -> 0.1095 | J10: =SUM(I10:I12) -> 0.14235
E11: Dug cum Bore Well | F11: 1 | G11: 60000 | H11: 365 | I11: =F11*G11*H11/1000000000 -> 0.0219
E12: Dug well | F12: 2 | G12: 15000 | H12: 365 | I12: =F12*G12*H12/1000000000 -> 0.01095
A13: 4 | B13: Bhanwta | C13: A | D13: ALLUVIUM | E13: Tube well | F13: 1 | G13: 150000 | H13: 365 | I13: =F13*G13*H13/1000000000 -> 0.05475 | J13: =SUM(I13:I15) -> 0.4599
E14: Dug cum Bore Well | F14: 0 | G14: 60000 | H14: 365 | I14: =F14*G14*H14/1000000000 -> 0
E15: Dug well | F15: 74 | G15: 15000 | H15: 365 | I15: =F15*G15*H15/1000000000 -> 0.40515
A16: 5 | B16: Budhwara | C16: A | D16: ALLUVIUM | E16: Tube well | F16: 5 | G16: 150000 | H16: 365 | I16: =F16*G16*H16/1000000000 -> 0.27375 | J16: =SUM(I16:I18) -> 0.3723
E17: Dug cum Bore Well | F17: 1 | G17: 60000 | H17: 365 | I17: =F17*G17*H17/1000000000 -> 0.0219
E18: Dug well | F18: 14 | G18: 15000 | H18: 365 | I18: =F18*G18*H18/1000000000 -> 0.07665
A19: 6 | B19: Chawandiya | C19: A | D19: ALLUVIUM | E19: Tube well | F19: 0 | G19: 150000 | H19: 365 | I19: =F19*G19*H19/1000000000 -> 0 | J19: =SUM(I19:I21) -> 0.093075
E20: Dug cum Bore Well | F20: 1 | G20: 60000 | H20: 365 | I20: =F20*G20*H20/1000000000 -> 0.0219
E21: Dug well | F21: 13 | G21: 15000 | H21: 365 | I21: =F21*G21*H21/1000000000 -> 0.071175
A22: 7 | B22: Dantra | C22: A | D22: ALLUVIUM | E22: Tube well | F22: 2 | G22: 150000 | H22: 365 | I22: =F22*G22*H22/1000000000 -> 0.1095 | J22: =SUM(I22:I24) -> 0.213525
E23: Dug cum Bore Well | F23: 1 | G23: 60000 | H23: 365 | I23: =F23*G23*H23/1000000000 -> 0.0219
E24: Dug well | F24: 15 | G24: 15000 | H24: 365 | I24: =F24*G24*H24/1000000000 -> 0.082125
A25: 8 | B25: Dev Nagar | C25: A | D25: ALLUVIUM | E25: Tube well | F25: 2 | G25: 150000 | H25: 365 | I25: =F25*G25*H25/1000000000 -> 0.1095 | J25: =SUM(I25:I27) -> 0.1095
E26: Dug cum Bore Well | F26: 0 | G26: 60000 | H26: 365 | I26: =F26*G26*H26/1000000000 -> 0
E27: Dug well | F27: 0 | G27: 15000 | H27: 365 | I27: =F27*G27*H27/1000000000 -> 0
A28: 9 | B28: Dodiyana | C28: A | D28: ALLUVIUM | E28: Tube well | F28: 1 | G28: 150000 | H28: 365 | I28: =F28*G28*H28/1000000000 -> 0.05475 | J28: =SUM(I28:I30) -> 0.0657
E29: Dug cum Bore Well | F29: 0 | G29: 60000 | H29: 365 | I29: =F29*G29*H29/1000000000 -> 0
E30: Dug well | F30: 2 | G30: 15000 | H30: 365 | I30: =F30*G30*H30/1000000000 -> 0.01095
A31: 10 | B31: Doomara | C31: A | D31: ALLUVIUM | E31: Tube well | F31: 1 | G31: 150000 | H31: 365 | I31: =F31*G31*H31/1000000000 -> 0.05475 | J31: =SUM(I31:I33) -> 0.12045
E32: Dug cum Bore Well | F32: 0 | G32: 60000 | H32: 365 | I32: =F32*G32*H32/1000000000 -> 0
E33: Dug well | F33: 12 | G33: 15000 | H33: 365 | I33: =F33*G33*H33/1000000000 -> 0.0657
A34: 11 | B34: Doongariya Khurd | C34: A | D34: ALLUVIUM | E34: Tube well | F34: 1 | G34: 150000 | H34: 365 | I34: =F34*G34*H34/1000000000 -> 0.05475 | J34: =SUM(I34:I36) -> 0.0657
E35: Dug cum Bore Well | F35: 0 | G35: 60000 | H35: 365 | I35: =F35*G35*H35/1000000000 -> 0
E36: Dug well | F36: 2 | G36: 15000 | H36: 365 | I36: =F36*G36*H36/1000000000 -> 0.01095
A37: 12 | B37: Fatehpura | C37: A | D37: ALLUVIUM | E37: Tube well | F37: 1 | G37: 150000 | H37: 365 | I37: =F37*G37*H37/1000000000 -> 0.05475 | J37: =SUM(I37:I39) -> 0.060225
E38: Dug cum Bore Well | F38: 0 | G38: 60000 | H38: 365 | I38: =F38*G38*H38/1000000000 -> 0
E39: Dug well | F39: 1 | G39: 15000 | H39: 365 | I39: =F39*G39*H39/1000000000 -> 0.005475
A40: 13 | B40: Ganahera | C40: A | D40: ALLUVIUM | E40: Tube well | F40: 8 | G40: 150000 | H40: 365 | I40: =F40*G40*H40/1000000000 -> 0.438 | J40: =SUM(I40:I42) -> 0.465375
E41: Dug cum Bore Well | F41: 0 | G41: 60000 | H41: 365 | I41: =F41*G41*H41/1000000000 -> 0
E42: Dug well | F42: 5 | G42: 15000 | H42: 365 | I42: =F42*G42*H42/1000000000 -> 0.027375
A43: 14 | B43: Govindgarh | C43: A | D43: ALLUVIUM | E43: Tube well | F43: 0 | G43: 150000 | H43: 365 | I43: =F43*G43*H43/1000000000 -> 0 | J43: =SUM(I43:I45) -> 0.05475
E44: Dug cum Bore Well | F44: 0 | G44: 60000 | H44: 365 | I44: =F44*G44*H44/1000000000 -> 0
E45: Dug well | F45: 10 | G45: 15000 | H45: 365 | I45: =F45*G45*H45/1000000000 -> 0.05475
A46: 15 | B46: Gudha | C46: A | D46: ALLUVIUM | E46: Tube well | F46: 3 | G46: 150000 | H46: 365 | I46: =F46*G46*H46/1000000000 -> 0.16425 | J46: =SUM(I46:I48) -> 0.16425
E47: Dug cum Bore Well | F47: 0 | G47: 60000 | H47: 365 | I47: =F47*G47*H47/1000000000 -> 0
E48: Dug well | F48: 0 | G48: 15000 | H48: 365 | I48: =F48*G48*H48/1000000000 -> 0
A49: 16 | B49: Hanwantpura | C49: A | D49: ALLUVIUM | E49: Tube well | F49: 0 | G49: 150000 | H49: 365 | I49: =F49*G49*H49/1000000000 -> 0 | J49: =SUM(I49:I51) -> 0.027375
E50: Dug cum Bore Well | F50: 0 | G50: 60000 | H50: 365 | I50: =F50*G50*H50/1000000000 -> 0
E51: Dug well | F51: 5 | G51: 15000 | H51: 365 | I51: =F51*G51*H51/1000000000 -> 0.027375
A52: 17 | B52: Jaswantpura | C52: A | D52: ALLUVIUM | E52: Tube well | F52: 0 | G52: 150000 | H52: 365 | I52: =F52*G52*H52/1000000000 -> 0 | J52: =SUM(I52:I54) -> 0.12045
E53: Dug cum Bore Well | F53: 3 | G53: 60000 | H53: 365 | I53: =F53*G53*H53/1000000000 -> 0.0657
E54: Dug well | F54: 10 | G54: 15000 | H54: 365 | I54: =F54*G54*H54/1000000000 -> 0.05475
A55: 24 | B55: Kadel | C55: A | D55: ALLUVIUM | E55: Tube well | F55: 4 | G55: 150000 | H55: 365 | I55: =F55*G55*H55/1000000000 -> 0.219 | J55: =SUM(I55:I57) -> 0.219
E56: Dug cum Bore Well | F56: 0 | G56: 60000 | H56: 365 | I56: =F56*G56*H56/1000000000 -> 0
E57: Dug well | F57: 0 | G57: 15000 | H57: 365 | I57: =F57*G57*H57/1000000000 -> 0
A58: 18 | B58: Kalesara | C58: A | D58: ALLUVIUM | E58: Tube well | F58: 2 | G58: 150000 | H58: 365 | I58: =F58*G58*H58/1000000000 -> 0.1095 | J58: =SUM(I58:I60) -> 0.202575
E59: Dug cum Bore Well | F59: 0 | G59: 60000 | H59: 365 | I59: =F59*G59*H59/1000000000 -> 0
E60: Dug well | F60: 17 | G60: 15000 | H60: 365 | I60: =F60*G60*H60/1000000000 -> 0.093075
A61: 19 | B61: Kawlai | C61: A | D61: ALLUVIUM | E61: Tube well | F61: 1 | G61: 150000 | H61: 365 | I61: =F61*G61*H61/1000000000 -> 0.05475 | J61: =SUM(I61:I63) -> 0.060225
E62: Dug cum Bore Well | F62: 0 | G62: 60000 | H62: 365 | I62: =F62*G62*H62/1000000000 -> 0
E63: Dug well | F63: 1 | G63: 15000 | H63: 365 | I63: =F63*G63*H63/1000000000 -> 0.005475
A64: 20 | B64: Khori | C64: A | D64: ALLUVIUM | E64: Tube well | F64: 3 | G64: 150000 | H64: 365 | I64: =F64*G64*H64/1000000000 -> 0.16425 | J64: =SUM(I64:I66) -> 0.16425
E65: Dug cum Bore Well | F65: 0 | G65: 60000 | H65: 365 | I65: =F65*G65*H65/1000000000 -> 0
E66: Dug well | F66: 0 | G66: 15000 | H66: 365 | I66: =F66*G66*H66/1000000000 -> 0
A67: 21 | B67: Kishanpura Goyla | C67: A | D67: ALLUVIUM | E67: Tube well | F67: 4 | G67: 150000 | H67: 365 | I67: =F67*G67*H67/1000000000 -> 0.219 | J67: =SUM(I67:I69) -> 0.224475
E68: Dug cum Bore Well | F68: 0 | G68: 60000 | H68: 365 | I68: =F68*G68*H68/1000000000 -> 0
E69: Dug well | F69: 1 | G69: 15000 | H69: 365 | I69: =F69*G69*H69/1000000000 -> 0.005475
A70: 22 | B70: Leswa | C70: A | D70: ALLUVIUM | E70: Tube well | F70: 2 | G70: 150000 | H70: 365 | I70: =F70*G70*H70/1000000000 -> 0.1095 | J70: =SUM(I70:I72) -> 0.14235
E71: Dug cum Bore Well | F71: 0 | G71: 60000 | H71: 365 | I71: =F71*G71*H71/1000000000 -> 0
E72: Dug well | F72: 6 | G72: 15000 | H72: 365 | I72: =F72*G72*H72/1000000000 -> 0.03285
A73: 23 | B73: Laylikhera | C73: A | D73: ALLUVIUM | E73: Tube well | F73: 0 | G73: 150000 | H73: 365 | I73: =F73*G73*H73/1000000000 -> 0 | J73: =SUM(I73:I75) -> 0
E74: Dug cum Bore Well | F74: 0 | G74: 60000 | H74: 365 | I74: =F74*G74*H74/1000000000 -> 0
E75: Dug well | F75: 0 | G75: 15000 | H75: 365 | I75: =F75*G75*H75/1000000000 -> 0
A76: 25 | B76: Majhewla | C76: A | D76: ALLUVIUM | E76: Tube well | F76: 1 | G76: 150000 | H76: 365 | I76: =F76*G76*H76/1000000000 -> 0.05475 | J76: =SUM(I76:I78) -> 0.0876
E77: Dug cum Bore Well | F77: 0 | G77: 60000 | H77: 365 | I77: =F77*G77*H77/1000000000 -> 0
E78: Dug well | F78: 6 | G78: 15000 | H78: 365 | I78: =F78*G78*H78/1000000000 -> 0.03285
A79: 26 | B79: Miyapur | C79: A | D79: ALLUVIUM | E79: Tube well | F79: 0 | G79: 150000 | H79: 365 | I79: =F79*G79*H79/1000000000 -> 0 | J79: =SUM(I79:I81) -> 0.0219
E80: Dug cum Bore Well | F80: 0 | G80: 60000 | H80: 365 | I80: =F80*G80*H80/1000000000 -> 0
E81: Dug well | F81: 4 | G81: 15000 | H81: 365 | I81: =F81*G81*H81/1000000000 -> 0.0219
A82: 27 | B82: Motisar | C82: A | D82: ALLUVIUM | E82: Tube well | F82: 1 | G82: 150000 | H82: 365 | I82: =F82*G82*H82/1000000000 -> 0.05475 | J82: =SUM(I82:I84) -> 0.05475
E83: Dug cum Bore Well | F83: 0 | G83: 60000 | H83: 365 | I83: =F83*G83*H83/1000000000 -> 0
E84: Dug well | F84: 0 | G84: 15000 | H84: 365 | I84: =F84*G84*H84/1000000000 -> 0
A85: 28 | B85: Nad | C85: A | D85: ALLUVIUM | E85: Tube well | F85: 1 | G85: 150000 | H85: 365 | I85: =F85*G85*H85/1000000000 -> 0.05475 | J85: =SUM(I85:I87) -> 0.093075
E86: Dug cum Bore Well | F86: 0 | G86: 60000 | H86: 365 | I86: =F86*G86*H86/1000000000 -> 0
E87: Dug well | F87: 7 | G87: 15000 | H87: 365 | I87: =F87*G87*H87/1000000000 -> 0.038325
A88: 29 | B88: Nand | C88: A | D88: ALLUVIUM | E88: Tube well | F88: 3 | G88: 150000 | H88: 365 | I88: =F88*G88*H88/1000000000 -> 0.16425 | J88: =SUM(I88:I90) -> 0.169725
E89: Dug cum Bore Well | F89: 0 | G89: 60000 | H89: 365 | I89: =F89*G89*H89/1000000000 -> 0
E90: Dug well | F90: 1 | G90: 15000 | H90: 365 | I90: =F90*G90*H90/1000000000 -> 0.005475
A91: 30 | B91: Nathuthala | C91: A | D91: ALLUVIUM | E91: Tube well | F91: 1 | G91: 150000 | H91: 365 | I91: =F91*G91*H91/1000000000 -> 0.05475 | J91: =SUM(I91:I93) -> 0.12045
E92: Dug cum Bore Well | F92: 0 | G92: 60000 | H92: 365 | I92: =F92*G92*H92/1000000000 -> 0
E93: Dug well | F93: 12 | G93: 15000 | H93: 365 | I93: =F93*G93*H93/1000000000 -> 0.0657
A94: 31 | B94: Nooriyawas | C94: A | D94: ALLUVIUM | E94: Tube well | F94: 1 | G94: 150000 | H94: 365 | I94: =F94*G94*H94/1000000000 -> 0.05475 | J94: =SUM(I94:I96) -> 0.1314
E95: Dug cum Bore Well | F95: 1 | G95: 60000 | H95: 365 | I95: =F95*G95*H95/1000000000 -> 0.0219
E96: Dug well | F96: 10 | G96: 15000 | H96: 365 | I96: =F96*G96*H96/1000000000 -> 0.05475
A97: 32 | B97: Picholiya | C97: A | D97: ALLUVIUM | E97: Tube well | F97: 12 | G97: 150000 | H97: 365 | I97: =F97*G97*H97/1000000000 -> 0.657 | J97: =SUM(I97:I99) -> 0.66795
E98: Dug cum Bore Well | F98: 0 | G98: 60000 | H98: 365 | I98: =F98*G98*H98/1000000000 -> 0
E99: Dug well | F99: 2 | G99: 15000 | H99: 365 | I99: =F99*G99*H99/1000000000 -> 0.01095
A100: 33 | B100: Pisangan | C100: A | D100: ALLUVIUM | E100: Tube well | F100: 2 | G100: 150000 | H100: 365 | I100: =F100*G100*H100/1000000000 -> 0.1095 | J100: =SUM(I100:I102) -> 0.25185
...

Sheet Draft Irri-V
A1: TABLE-V : | C1: DRAFT FROM IRRIGATION WELLS SHOWING QUANTITATIVE ASSESSMENT OF ANNUAL PUMPAGE FROM EXISTING WELLS IN USE IN ALLUVIUM ZONES IN PEESANGAN GW CLUSTER OF AJMER DISTRICT FOR THE YEAR 2016
A2: S. No. | B2: Block | C2: Zone | D2: Hydrogeological Formation | F2: No. of Wells in use for irri | G2: Average Yield of Wells (m3/day) | H2: No. of Operational Days | I2: Annual Withdrawal (mcm) | J2: Total Draft (mcm)
A3: 1 | B3: 2 | C3: 3 | D3: 4 | E3: 5 | F3: 6 | G3: 7 | H3: 8 | I3: 9 | J3: 10
A4: 1 | B4: Ambamassena | C4: A | D4: ALLUVIUM | E4: Tube well | F4: 0 | G4: 150 | H4: 120 | I4: =F4*G4*H4/1000000 -> 0 | J4: =I4+I5+I6 -> 0.5952
E5: Dug cum Bore Well | F5: 1 | G5: 150 | H5: 120 | I5: =F5*G5*H5/1000000 -> 0.018
E6: Dug well | F6: 37 | G6: 130 | H6: 120 | I6: =F6*G6*H6/1000000 -> 0.5772
A7: 2 | B7: Banseli | C7: A | D7: ALLUVIUM | E7: Tube well | F7: 72 | G7: 150 | H7: 120 | I7: =F7*G7*H7/1000000 -> 1.296 | J7: =I7+I8+I9 -> 1.518
E8: Dug cum Bore Well | F8: 8 | G8: 150 | H8: 120 | I8: =F8*G8*H8/1000000 -> 0.144
E9: Dug well | F9: 5 | G9: 130 | H9: 120 | I9: =F9*G9*H9/1000000 -> 0.078
A10: 3 | B10: Bhagwanpura | C10: A | D10: ALLUVIUM | E10: Tube well | F10: 81 | G10: 150 | H10: 120 | I10: =F10*G10*H10/1000000 -> 1.458 | J10: =I10+I11+I12 -> 1.8972
E11: Dug cum Bore Well | F11: 14 | G11: 150 | H11: 120 | I11: =F11*G11*H11/1000000 -> 0.252
E12: Dug well | F12: 12 | G12: 130 | H12: 120 | I12: =F12*G12*H12/1000000 -> 0.1872
A13: 4 | B13: Bhanwta | C13: A | D13: ALLUVIUM | E13: Tube well | F13: 2 | G13: 150 | H13: 120 | I13: =F13*G13*H13/1000000 -> 0.036 | J13: =I13+I14+I15 -> 2.5368
E14: Dug cum Bore Well | F14: 2 | G14: 150 | H14: 120 | I14: =F14*G14*H14/1000000 -> 0.036
E15: Dug well | F15: 158 | G15: 130 | H15: 120 | I15: =F15*G15*H15/1000000 -> 2.4648
A16: 5 | B16: Budhwara | C16: A | D16: ALLUVIUM | E16: Tube well | F16: 42 | G16: 150 | H16: 120 | I16: =F16*G16*H16/1000000 -> 0.756 | J16: =I16+I17+I18 -> 2.2068
E17: Dug cum Bore Well | F17: 26 | G17: 150 | H17: 120 | I17: =F17*G17*H17/1000000 -> 0.468
E18: Dug well | F18: 63 | G18: 130 | H18: 120 | I18: =F18*G18*H18/1000000 -> 0.9828
A19: 6 | B19: Chawandiya | C19: A | D19: ALLUVIUM | E19: Tube well | F19: 21 | G19: 150 | H19: 120 | I19: =F19*G19*H19/1000000 -> 0.378 | J19: =I19+I20+I21 -> 0.5772
E20: Dug cum Bore Well | F20: 5 | G20: 150 | H20: 120 | I20: =F20*G20*H20/1000000 -> 0.09
E21: Dug well | F21: 7 | G21: 130 | H21: 120 | I21: =F21*G21*H21/1000000 -> 0.1092
A22: 7 | B22: Dantra | C22: A | D22: ALLUVIUM | E22: Tube well | F22: 17 | G22: 150 | H22: 120 | I22: =F22*G22*H22/1000000 -> 0.306 | J22: =I22+I23+I24 -> 2.262
E23: Dug cum Bore Well | F23: 9 | G23: 150 | H23: 120 | I23: =F23*G23*H23/1000000 -> 0.162
E24: Dug well | F24: 115 | G24: 130 | H24: 120 | I24: =F24*G24*H24/1000000 -> 1.794
A25: 8 | B25: Dev Nagar | C25: A | D25: ALLUVIUM | E25: Tube well | F25: 122 | G25: 150 | H25: 120 | I25: =F25*G25*H25/1000000 -> 2.196 | J25: =I25+I26+I27 -> 3.0144
E26: Dug cum Bore Well | F26: 42 | G26: 150 | H26: 120 | I26: =F26*G26*H26/1000000 -> 0.756
E27: Dug well | F27: 4 | G27: 130 | H27: 120 | I27: =F27*G27*H27/1000000 -> 0.0624
A28: 9 | B28: Dodiyana | C28: A | D28: ALLUVIUM | E28: Tube well | F28: 0 | G28: 150 | H28: 120 | I28: =F28*G28*H28/1000000 -> 0 | J28: =I28+I29+I30 -> 0.2856
E29: Dug cum Bore Well | F29: 2 | G29: 150 | H29: 120 | I29: =F29*G29*H29/1000000 -> 0.036
E30: Dug well | F30: 16 | G30: 130 | H30: 120 | I30: =F30*G30*H30/1000000 -> 0.2496
A31: 10 | B31: Doomara | C31: A | D31: ALLUVIUM | E31: Tube well | F31: 2 | G31: 150 | H31: 120 | I31: =F31*G31*H31/1000000 -> 0.036 | J31: =I31+I32+I33 -> 0.8472
E32: Dug cum Bore Well | F32: 0 | G32: 150 | H32: 120 | I32: =F32*G32*H32/1000000 -> 0
E33: Dug well | F33: 52 | G33: 130 | H33: 120 | I33: =F33*G33*H33/1000000 -> 0.8112
A34: 11 | B34: Doongariya Khurd | C34: A | D34: ALLUVIUM | E34: Tube well | F34: 11 | G34: 150 | H34: 120 | I34: =F34*G34*H34/1000000 -> 0.198 | J34: =I34+I35+I36 -> 0.2316
E35: Dug cum Bore Well | F35: 1 | G35: 150 | H35: 120 | I35: =F35*G35*H35/1000000 -> 0.018
E36: Dug well | F36: 1 | G36: 130 | H36: 120 | I36: =F36*G36*H36/1000000 -> 0.0156
A37: 12 | B37: Fatehpura | C37: A | D37: ALLUVIUM | E37: Tube well | F37: 3 | G37: 150 | H37: 120 | I37: =F37*G37*H37/1000000 -> 0.054 | J37: =I37+I38+I39 -> 0.2412
E38: Dug cum Bore Well | F38: 0 | G38: 150 | H38: 120 | I38: =F38*G38*H38/1000000 -> 0
E39: Dug well | F39: 12 | G39: 130 | H39: 120 | I39: =F39*G39*H39/1000000 -> 0.1872
A40: 13 | B40: Ganahera | C40: A | D40: ALLUVIUM | E40: Tube well | F40: 147 | G40: 150 | H40: 120 | I40: =F40*G40*H40/1000000 -> 2.646 | J40: =I40+I41+I42 -> 2.9808
E41: Dug cum Bore Well | F41: 16 | G41: 150 | H41: 120 | I41: =F41*G41*H41/1000000 -> 0.288
E42: Dug well | F42: 3 | G42: 130 | H42: 120 | I42: =F42*G42*H42/1000000 -> 0.0468
A43: 14 | B43: Govindgarh | C43: A | D43: ALLUVIUM | E43: Tube well | F43: 0 | G43: 150 | H43: 120 | I43: =F43*G43*H43/1000000 -> 0 | J43: =I43+I44+I45 -> 0.4476
E44: Dug cum Bore Well | F44: 11 | G44: 150 | H44: 120 | I44: =F44*G44*H44/1000000 -> 0.198
E45: Dug well | F45: 16 | G45: 130 | H45: 120 | I45: =F45*G45*H45/1000000 -> 0.2496
A46: 15 | B46: Gudha | C46: A | D46: ALLUVIUM | E46: Tube well | F46: 5 | G46: 150 | H46: 120 | I46: =F46*G46*H46/1000000 -> 0.09 | J46: =I46+I47+I48 -> 0.09
E47: Dug cum Bore Well | F47: 0 | G47: 150 | H47: 120 | I47: =F47*G47*H47/1000000 -> 0
E48: Dug well | F48: 0 | G48: 130 | H48: 120 | I48: =F48*G48*H48/1000000 -> 0
A49: 16 | B49: Hanwantpura | C49: A | D49: ALLUVIUM | E49: Tube well | F49: 0 | G49: 150 | H49: 120 | I49: =F49*G49*H49/1000000 -> 0 | J49: =I49+I50+I51 -> 0.078
E50: Dug cum Bore Well | F50: 0 | G50: 150 | H50: 120 | I50: =F50*G50*H50/1000000 -> 0
E51: Dug well | F51: 5 | G51: 130 | H51: 120 | I51: =F51*G51*H51/1000000 -> 0.078
A52: 17 | B52: Jaswantpura | C52: A | D52: ALLUVIUM | E52: Tube well | F52: 20 | G52: 150 | H52: 120 | I52: =F52*G52*H52/1000000 -> 0.36 | J52: =I52+I53+I54 -> 0.8724
E53: Dug cum Bore Well | F53: 25 | G53: 150 | H53: 120 | I53: =F53*G53*H53/1000000 -> 0.45
E54: Dug well | F54: 4 | G54: 130 | H54: 120 | I54: =F54*G54*H54/1000000 -> 0.0624
A55: 24 | B55: Kadel | C55: A | D55: ALLUVIUM | E55: Tube well | F55: 6 | G55: 150 | H55: 120 | I55: =F55*G55*H55/1000000 -> 0.108 | J55: =I55+I56+I57 -> 0.1416
E56: Dug cum Bore Well | F56: 1 | G56: 150 | H56: 120 | I56: =F56*G56*H56/1000000 -> 0.018
E57: Dug well | F57: 1 | G57: 130 | H57: 120 | I57: =F57*G57*H57/1000000 -> 0.0156
A58: 18 | B58: Kalesara | C58: A | D58: ALLUVIUM | E58: Tube well | F58: 10 | G58: 150 | H58: 120 | I58: =F58*G58*H58/1000000 -> 0.18 | J58: =I58+I59+I60 -> 0.4344
E59: Dug cum Bore Well | F59: 2 | G59: 150 | H59: 120 | I59: =F59*G59*H59/1000000 -> 0.036
E60: Dug well | F60: 14 | G60: 130 | H60: 120 | I60: =F60*G60*H60/1000000 -> 0.2184
A61: 19 | B61: Kawlai | C61: A | D61: ALLUVIUM | E61: Tube well | F61: 12 | G61: 150 | H61: 120 | I61: =F61*G61*H61/1000000 -> 0.216 | J61: =I61+I62+I63 -> 0.2472
E62: Dug cum Bore Well | F62: 0 | G62: 150 | H62: 120 | I62: =F62*G62*H62/1000000 -> 0
E63: Dug well | F63: 2 | G63: 130 | H63: 120 | I63: =F63*G63*H63/1000000 -> 0.0312
A64: 20 | B64: Khori | C64: A | D64: ALLUVIUM | E64: Tube well | F64: 28 | G64: 150 | H64: 120 | I64: =F64*G64*H64/1000000 -> 0.504 | J64: =I64+I65+I66 -> 0.7152
E65: Dug cum Bore Well | F65: 10 | G65: 150 | H65: 120 | I65: =F65*G65*H65/1000000 -> 0.18
E66: Dug well | F66: 2 | G66: 130 | H66: 120 | I66: =F66*G66*H66/1000000 -> 0.0312
A67: 21 | B67: Kishanpura Goyla | C67: A | D67: ALLUVIUM | E67: Tube well | F67: 76 | G67: 150 | H67: 120 | I67: =F67*G67*H67/1000000 -> 1.368 | J67: =I67+I68+I69 -> 1.494
E68: Dug cum Bore Well | F68: 7 | G68: 150 | H68: 120 | I68: =F68*G68*H68/1000000 -> 0.126
E69: Dug well | F69: 0 | G69: 130 | H69: 120 | I69: =F69*G69*H69/1000000 -> 0
A70: 22 | B70: Leswa | C70: A | D70: ALLUVIUM | E70: Tube well | F70: 3 | G70: 150 | H70: 120 | I70: =F70*G70*H70/1000000 -> 0.054 | J70: =I70+I71+I72 -> 0.3
E71: Dug cum Bore Well | F71: 5 | G71: 150 | H71: 120 | I71: =F71*G71*H71/1000000 -> 0.09
E72: Dug well | F72: 10 | G72: 130 | H72: 120 | I72: =F72*G72*H72/1000000 -> 0.156
A73: 23 | B73: Laylikhera | C73: A | D73: ALLUVIUM | E73: Tube well | F73: 0 | G73: 150 | H73: 120 | I73: =F73*G73*H73/1000000 -> 0 | J73: =I73+I74+I75 -> 0.0156
E74: Dug cum Bore Well | F74: 0 | G74: 150 | H74: 120 | I74: =F74*G74*H74/1000000 -> 0
E75: Dug well | F75: 1 | G75: 130 | H75: 120 | I75: =F75*G75*H75/1000000 -> 0.0156
A76: 25 | B76: Majhewla | C76: A | D76: ALLUVIUM | E76: Tube well | F76: 20 | G76: 150 | H76: 120 | I76: =F76*G76*H76/1000000 -> 0.36 | J76: =I76+I77+I78 -> 0.5388
E77: Dug cum Bore Well | F77: 3 | G77: 150 | H77: 120 | I77: =F77*G77*H77/1000000 -> 0.054
E78: Dug well | F78: 8 | G78: 130 | H78: 120 | I78: =F78*G78*H78/1000000 -> 0.1248
A79: 26 | B79: Miyapur | C79: A | D79: ALLUVIUM | E79: Tube well | F79: 3 | G79: 150 | H79: 120 | I79: =F79*G79*H79/1000000 -> 0.054 | J79: =I79+I80+I81 -> 0.1788
E80: Dug cum Bore Well | F80: 0 | G80: 150 | H80: 120 | I80: =F80*G80*H80/1000000 -> 0
E81: Dug well | F81: 8 | G81: 130 | H81: 120 | I81: =F81*G81*H81/1000000 -> 0.1248
A82: 27 | B82: Motisar | C82: A | D82: ALLUVIUM | E82: Tube well | F82: 77 | G82: 150 | H82: 120 | I82: =F82*G82*H82/1000000 -> 1.386 | J82: =I82+I83+I84 -> 1.6176
E83: Dug cum Bore Well | F83: 12 | G83: 150 | H83: 120 | I83: =F83*G83*H83/1000000 -> 0.216
E84: Dug well | F84: 1 | G84: 130 | H84: 120 | I84: =F84*G84*H84/1000000 -> 0.0156
A85: 28 | B85: Nad | C85: A | D85: ALLUVIUM | E85: Tube well | F85: 1 | G85: 150 | H85: 120 | I85: =F85*G85*H85/1000000 -> 0.018 | J85: =I85+I86+I87 -> 0.2676
E86: Dug cum Bore Well | F86: 0 | G86: 150 | H86: 120 | I86: =F86*G86*H86/1000000 -> 0
E87: Dug well | F87: 16 | G87: 130 | H87: 120 | I87: =F87*G87*H87/1000000 -> 0.2496
A88: 29 | B88: Nand | C88: A | D88: ALLUVIUM | E88: Tube well | F88: 76 | G88: 150 | H88: 120 | I88: =F88*G88*H88/1000000 -> 1.368 | J88: =I88+I89+I90 -> 1.368
E89: Dug cum Bore Well | F89: 0 | G89: 150 | H89: 120 | I89: =F89*G89*H89/1000000 -> 0
E90: Dug well | F90: 0 | G90: 130 | H90: 120 | I90: =F90*G90*H90/1000000 -> 0
A91: 30 | B91: Nathuthala | C91: A | D91: ALLUVIUM | E91: Tube well | F91: 6 | G91: 150 | H91: 120 | I91: =F91*G91*H91/1000000 -> 0.108 | J91: =I91+I92+I93 -> 1.3764
E92: Dug cum Bore Well | F92: 2 | G92: 150 | H92: 120 | I92: =F92*G92*H92/1000000 -> 0.036
E93: Dug well | F93: 79 | G93: 130 | H93: 120 | I93: =F93*G93*H93/1000000 -> 1.2324
A94: 31 | B94: Nooriyawas | C94: A | D94: ALLUVIUM | E94: Tube well | F94: 4 | G94: 150 | H94: 120 | I94: =F94*G94*H94/1000000 -> 0.072 | J94: =I94+I95+I96 -> 1.3116
E95: Dug cum Bore Well | F95: 3 | G95: 150 | H95: 120 | I95: =F95*G95*H95/1000000 -> 0.054
E96: Dug well | F96: 76 | G96: 130 | H96: 120 | I96: =F96*G96*H96/1000000 -> 1.1856
A97: 32 | B97: Picholiya | C97: A | D97: ALLUVIUM | E97: Tube well | F97: 142 | G97: 150 | H97: 120 | I97: =F97*G97*H97/1000000 -> 2.556 | J97: =I97+I98+I99 -> 3.0924
E98: Dug cum Bore Well | F98: 22 | G98: 150 | H98: 120 | I98: =F98*G98*H98/1000000 -> 0.396
E99: Dug well | F99: 9 | G99: 130 | H99: 120 | I99: =F99*G99*H99/1000000 -> 0.1404
A100: 33 | B100: Pisangan | C100: A | D100: ALLUVIUM | E100: Tube well | F100: 20 | G100: 150 | H100: 120 | I100: =F100*G100*H100/1000000 -> 0.36 | J100: =I100+I101+I102 -> 1.056
...

Sheet Draft Irr.Area
A1: TABLE-VI : DRAFT BASED ON IRRIGATED AREA & ITS AVERAGE WATER REQUIREMENT OF CROPS
A3: S. No. | B3: Block | C3: Potential Zone | D3: Hydrogeological Formation | E3: Area Irrigation (Sq.Km.) | F3: Depth of Watering (Sq.Km.) | G3: Water Requirement (mcm)
A4: 1 | B4: Ambamassena | C4: A | D4: ALLUVIUM | E4: ='APP 2015-16'!#REF! -> #REF! | F4: 0.55 | G4: =ROUND(E4*F4,4) -> #REF!
A5: 2 | B5: Banseli | C5: A | D5: ALLUVIUM | E5: ='APP 2015-16'!#REF! -> #REF! | F5: 0.55 | G5: =ROUND(E5*F5,4) -> #REF!
A6: 3 | B6: Bhagwanpura | C6: A | D6: ALLUVIUM | E6: 1.6101268 | F6: 0.55 | G6: =ROUND(E6*F6,4) -> 0.8856
A7: 4 | B7: Bhanwta | C7: A | D7: ALLUVIUM | E7: 5.2044874 | F7: 0.55 | G7: =ROUND(E7*F7,4) -> 2.8625
A8: 5 | B8: Budhwara | C8: A | D8: ALLUVIUM | E8: 7.3500705 | F8: 0.55 | G8: =ROUND(E8*F8,4) -> 4.0425
A9: 6 | B9: Chawandiya | C9: A | D9: ALLUVIUM | E9: 0.49749005 | F9: 0.55 | G9: =ROUND(E9*F9,4) -> 0.2736
A10: 7 | B10: Dantra | C10: A | D10: ALLUVIUM | E10: 6.9175916 | F10: 0.55 | G10: =ROUND(E10*F10,4) -> 3.8047
A11: 8 | B11: Dev Nagar | C11: A | D11: ALLUVIUM | E11: 0.754467 | F11: 0.55 | G11: =ROUND(E11*F11,4) -> 0.415
A12: 9 | B12: Dodiyana | C12: A | D12: ALLUVIUM | E12: 1.2677038 | F12: 0.55 | G12: =ROUND(E12*F12,4) -> 0.6972
A13: 10 | B13: Doomara | C13: A | D13: ALLUVIUM | E13: 0.90004573 | F13: 0.55 | G13: =ROUND(E13*F13,4) -> 0.495
A14: 11 | B14: Doongariya Khurd | C14: A | D14: ALLUVIUM | E14: 0.1338866 | F14: 0.55 | G14: =ROUND(E14*F14,4) -> 0.0736
A15: 12 | B15: Fatehpura | C15: A | D15: ALLUVIUM | E15: 0.23661541 | F15: 0.55 | G15: =ROUND(E15*F15,4) -> 0.1301
A16: 13 | B16: Ganahera | C16: A | D16: ALLUVIUM | E16: 0.46088567 | F16: 0.55 | G16: =ROUND(E16*F16,4) -> 0.2535
A17: 14 | B17: Govindgarh | C17: A | D17: ALLUVIUM | E17: 2.4605115 | F17: 0.55 | G17: =ROUND(E17*F17,4) -> 1.3533
... A47: 44 | B47: Tilora | C47: A | D47: ALLUVIUM | E47: 0.36119231 | F47: 0.55 | G47: =ROUND(E47*F47,4) -> 0.1987
E48: =SUM(E4:E47) -> #REF! | F48: 0.55 | G48: =ROUND(E48*F48,4) -> #REF!
A49: Source: Data as per the Agriculture data receive from the DPM, Agriculture Department, Ajmer From: dy director <ddagr_ajm@rediffmail.com> Dated: Fri, Aug 25, 2017 at 12:17 PM through e mail

Sheet Draft Depl
A1: TABLE - VII : DRAFT BASED ON DEPLETION OF WATER LEVEL BETWEEN POST MONSOON 2016 & PRE-MONSOON 2017
A3: S. No. | B3: Village | C3: Potential Zone | D3: Hydrogeological Formation | E3: Area (Sq.Km.) | F3: Specific Yield (%) | G3: Depletion (m) Post 2016 - Pre-2017 | H3: Draft based on Depletion (mcm)
A4: 1 | B4: 2 | C4: 3 | D4: 4 | E4: 5 | F4: 6 | G4: 7 | H4: 8
A5: 1 | B5: Ambamassena | C5: A | D5: ALLUVIUM | E5: 5.71 | F5: 12 | G5: 2.1 | H5: =ROUND(E5*F5*G5/100,4) -> 1.4389
A6: 2 | B6: Banseli | C6: A | D6: ALLUVIUM | E6: 4.11 | F6: 12 | G6: 0.22 | H6: =ROUND(E6*F6*G6/100,4) -> 0.1085
A7: 3 | B7: Bhagwanpura | C7: A | D7: ALLUVIUM | E7: 9.56 | F7: 12
A8: 4 | B8: Bhanwta | C8: A | D8: ALLUVIUM | E8: 10.68 | F8: 12 | G8: 1.98 | H8: =ROUND(E8*F8*G8/100,4) -> 2.5376
A9: 5 | B9: Budhwara | C9: A | D9: ALLUVIUM | E9: 21.01 | F9: 12 | G9: 1.61 | H9: =ROUND(E9*F9*G9/100,4) -> 4.0591
A10: 6 | B10: Chawandiya | C10: A | D10: ALLUVIUM | E10: 4.29 | F10: 12 | H10: =ROUND(E10*F10*G10/100,4) -> 0
A11: 7 | B11: Dantra | C11: A | D11: ALLUVIUM | E11: 12.1 | F11: 12 | G11: 1.69 | H11: =ROUND(E11*F11*G11/100,4) -> 2.4539
A12: 8 | B12: Dev Nagar | C12: A | D12: ALLUVIUM | E12: 5.99 | F12: 12 | G12: 0.5 | H12: =ROUND(E12*F12*G12/100,4) -> 0.3594
A13: 9 | B13: Dodiyana | C13: A | D13: ALLUVIUM | E13: 9.15 | F13: 12 | G13: 1.37 | H13: =ROUND(E13*F13*G13/100,4) -> 1.5043
A14: 10 | B14: Doomara | C14: A | D14: ALLUVIUM | E14: 2.41 | F14: 12 | G14: 2.08 | H14: =ROUND(E14*F14*G14/100,4) -> 0.6015
A15: 11 | B15: Doongariya Khurd | C15: A | D15: ALLUVIUM | E15: 4.32 | F15: 12 | G15: 1.5 | H15: =ROUND(E15*F15*G15/100,4) -> 0.7776
A16: 12 | B16: Fatehpura | C16: A | D16: ALLUVIUM | E16: 1.9 | F16: 12 | G16: 1.5 | H16: =ROUND(E16*F16*G16/100,4) -> 0.342
A17: 13 | B17: Ganahera | C17: A | D17: ALLUVIUM | E17: 5.95 | F17: 12 | G17: 2.18 | H17: =ROUND(E17*F17*G17/100,4) -> 1.5565
A18: 14 | B18: Govindgarh | C18: A | D18: ALLUVIUM | E18: 6.38 | F18: 12 | G18: 1.89 | H18: =ROUND(E18*F18*G18/100,4) -> 1.447
A19: 15 | B19: Gudha | C19: A | D19: ALLUVIUM | E19: 2.9 | F19: 12 | H19: =ROUND(E19*F19*G19/100,4) -> 0
A20: 16 | B20: Hanwantpura | C20: A | D20: ALLUVIUM | E20: 1.41 | F20: 12 | G20: 1.95 | H20: =ROUND(E20*F20*G20/100,4) -> 0.3299
A21: 17 | B21: Jaswantpura | C21: A | D21: ALLUVIUM | E21: 15.71 | F21: 12 | H21: =ROUND(E21*F21*G21/100,4) -> 0
A22: 18 | B22: Kalesara | C22: A | D22: ALLUVIUM | E22: 19.83 | F22: 12 | G22: 2.25 | H22: =ROUND(E22*F22*G22/100,4) -> 5.3541
A23: 19 | B23: Kawlai | C23: A | D23: ALLUVIUM | E23: 2.34 | F23: 12 | G23: 0.91 | H23: =ROUND(E23*F23*G23/100,4) -> 0.2555
A24: 20 | B24: Khori | C24: A | D24: ALLUVIUM | E24: 3.19 | F24: 12 | G24: 1.03 | H24: =ROUND(E24*F24*G24/100,4) -> 0.3943
A25: 21 | B25: Kishanpura Goyla | C25: A | D25: ALLUVIUM | E25: 11.91 | F25: 12 | G25: 0.74 | H25: =ROUND(E25*F25*G25/100,4) -> 1.0576
A26: 22 | B26: Leswa | C26: A | D26: ALLUVIUM | E26: 13.36 | F26: 12 | G26: 1.15 | H26: =ROUND(E26*F26*G26/100,4) -> 1.8437
A27: 23 | B27: Laylikhera | C27: A | D27: ALLUVIUM | E27: 4.67 | F27: 12 | G27: 0.85 | H27: =ROUND(E27*F27*G27/100,4) -> 0.4763
A28: 24 | B28: Kadel | C28: A | D28: ALLUVIUM | E28: 1.11 | F28: 12 | G28: 2.96 | H28: =ROUND(E28*F28*G28/100,4) -> 0.3943
A29: 25 | B29: Majhewla | C29: A | D29: ALLUVIUM | E29: 3.21 | F29: 12 | H29: =ROUND(E29*F29*G29/100,4) -> 0
A30: 26 | B30: Miyapur | C30: A | D30: ALLUVIUM | E30: 2.03 | F30: 12 | H30: =ROUND(E30*F30*G30/100,4) -> 0
A31: 27 | B31: Motisar | C31: A | D31: ALLUVIUM | E31: 3.31 | F31: 12 | H31: =ROUND(E31*F31*G31/100,4) -> 0
A32: 28 | B32: Nad | C32: A | D32: ALLUVIUM | E32: 9.21 | F32: 12 | H32: =ROUND(E32*F32*G32/100,4) -> 0
A33: 29 | B33: Nand | C33: A | D33: ALLUVIUM | E33: 13.93 | F33: 12 | H33: =ROUND(E33*F33*G33/100,4) -> 0
A34: 30 | B34: Nathuthala | C34: A | D34: ALLUVIUM | E34: 4.38 | F34: 12 | G34: 1.08 | H34: =ROUND(E34*F34*G34/100,4) -> 0.5676
A35: 31 | B35: Nooriyawas | C35: A | D35: ALLUVIUM | E35: 6.08 | F35: 12 | G35: 1.97 | H35: =ROUND(E35*F35*G35/100,4) -> 1.4373
A36: 32 | B36: Picholiya | C36: A | D36: ALLUVIUM | E36: 16.8 | F36: 12 | H36: =ROUND(E36*F36*G36/100,4) -> 0
A37: 33 | B37: Pisangan | C37: A | D37: ALLUVIUM | E37: 20.25 | F37: 12 | G37: 2.09 | H37: =ROUND(E37*F37*G37/100,4) -> 5.0787
A38: 34 | B38: Pushkar (M) | C38: A | D38: ALLUVIUM | E38: 2.16 | F38: 12 | G38: 1.95 | H38: =ROUND(E38*F38*G38/100,4) -> 0.5054
A39: 35 | B39: Pushkar (R) | C39: A | D39: ALLUVIUM | E39: 2.19 | F39: 12 | H39: =ROUND(E39*F39*G39/100,4) -> 0
A40: 36 | B40: Rampura Dabla | C40: A | D40: ALLUVIUM | E40: 10.67 | F40: 12 | G40: 1.78 | H40: =ROUND(E40*F40*G40/100,4) -> 2.2791
A41: 37 | B41: Rampura Nand | C41: A | D41: ALLUVIUM | E41: 3.52 | F41: 12 | H41: =ROUND(E41*F41*G41/100,4) -> 0
A42: 38 | B42: Rewat | C42: A | D42: ALLUVIUM | E42: 2.14 | F42: 12 | G42: 1.5 | H42: =ROUND(E42*F42*G42/100,4) -> 0.3852
A43: 39 | B43: Saradhana | C43: A | D43: ALLUVIUM | E43: 15.5 | F43: 12 | G43: 0.99 | H43: =ROUND(E43*F43*G43/100,4) -> 1.8414
A44: 40 | B44: Sarasari | C44: A | D44: ALLUVIUM | E44: 3.41 | F44: 12 | G44: 1.85 | H44: =ROUND(E44*F44*G44/100,4) -> 0.757
A45: 41 | B45: Sawaipura | C45: A | D45: ALLUVIUM | E45: 0.62 | F45: 12 | H45: =ROUND(E45*F45*G45/100,4) -> 0
A46: 42 | B46: Sethan | C46: A | D46: ALLUVIUM | E46: 8.32 | F46: 12 | G46: 0.98 | H46: =ROUND(E46*F46*G46/100,4) -> 0.9784
A47: 43 | B47: Surajkund | C47: A | D47: ALLUVIUM | E47: 6.01 | F47: 12 | H47: =ROUND(E47*F47*G47/100,4) -> 0
A48: 44 | B48: Tilora | C48: A | D48: ALLUVIUM | E48: 4.52 | F48: 12 | G48: 0.5 | H48: =ROUND(E48*F48*G48/100,4) -> 0.2712
E49: =SUM(E5:E48) -> 318.25 | F49: =AVERAGE(F5:F48) -> 12 | G49: 1.37 | H49: =ROUND(E49*F49*G49/100,4) -> 52.3203
A50: Source: Data as per the Census 2011 and Detailed Hydrogeological Survey of 100% GW extraction Units falls under aquifer boundary being conducted during March - April 2017 by CA Arpan Seva Sansthan under RACP

Sheet Sheet1

Sheet Compar
A2: TABLE-VII:-COMPARISION OF EXTRACTION OF GROUD WATER BY DIFFERENT METHODS AND
A3: ACCEPTED VALUE OF IRRIGATION DRAFT IN PEESANGAN GW CLUSTER
A5: S.No. | B5: Block | C5: Potential Zone | D5: Area of Potential Zone (Sq.Km.) | E5: Average Water Levels (m) | G5: Depl-etion (m) | H5: Specific Yield | I5: Decrease in Storage (mcm) | J5: Water Requirement by Different crops (mcm) | N5: Extraction of Water through wells (mcm) | Q5: Accepted Value of Draft for Irrigation (mcm)
E6: Post 16 | F6: Pre 17 | J6: Rabi | K6: Kharif | L6: Zaid | M6: Gross | N6: Irrigation | O6: Domestic | P6: Gross
A8: 1 | B8: Peesangan | C8: Ao | D8: ='ASS June2017'!BA8 -> 318.25 | E8: ='WaterLevel 12-16'!T88 -> 20.2 | F8: ='WaterLevel 12-16'!V88 -> 21.571867 | G8: 1.37 | H8: 0.12 | I8: =(D8*G8*H8) -> 52.3203 | J8: ='Crop Water'!F19 -> 46.68166 | K8: ='Crop Water'!F11 -> 5.666187 | L8: ='Crop Water'!F24 -> 1.1596422 | M8: =SUM(J8:L8) -> 53.507489 | N8: ='Draft Irri-V'!J136 -> 41.5308 | O8: ='Dom Draft IV'!J136 -> 6.356475 | P8: =(N8+O8) -> 47.887275 | Q8: =M8 -> 53.507489

Sheet Reccomendation
J1: TABLE-XVII
A2: BLOCKWISE AND ZONEWISE RECOMMENDATIONS FOR FUTURE
A3: GROUND WATER DEVELOPMENT IN IN PEESANGAN GW CLUSTER AJMER DISTRICT
A4: Block | B4: Area of | C4: Type of | D4: Potential | E4: Potential | F4: Expected Water Level (m) | G4: Recommendations | K4: Stage of Ground Water Development %
B5: Block | C5: Area | D5: zone | E5: zone | G5: Type of Well | H5: Dia of well | I5: Depth of | J5: Expected
B6: Sq.Km. | E6: area | H6: Tubewell-mm | I6: well | J6: Yield
E7: sq.km. | H7: Dugwell-m | I7: (m) | J7: (m3/day)
A8: PEESANGAN | B8: 318.25 | C8: Non Command | D8: Ao | E8: =B8-G18 -> 299.02 | G8: Not recommended for future ground water development | K8: ='ASS June2017'!BH8 -> 237.63
D9: Block | G9: Not recommended for future ground water development | K9: =K8 -> 237.63
F13: Total area | G13: 318.25
E14: Non potential | F14: Barren rockey | G14: 1.07 | H14: =G14/G13% -> 0.33621367
F15: Salt affected | G15: 4.98 | H15: =G15/G13% -> 1.5648075
F16: Gullied & revined | G16: 5.8 | H16: =G16/G13% -> 1.8224666
F17: Built up | G17: 7.38 | H17: =G17/G13% -> 2.3189317
G18: =SUM(G14:G17) -> 19.23 | H18: =G18/G13% -> 6.0424195
F19: Potential zone area | G19: =G13-G18 -> 299.02 | H19: =G19/G13% -> 93.957581

Sheet WaterLevel trend
A1: WATER LEVEL FLUCTUATION DATA (MTS) FROM 2007-2016 OF Peesangan GW cluster area
A2: S.NO | B2: NAME OF VILLAGE | C2: OWNER NAME | D2: ='[1]wl2006-2011'!F1:F2 -> Longitude | F2: TOTAL DEPTH | G2: 2007 | H2: 2008 | I2: 2009 | J2: 2010 | K2: 2011 | L2: 2012 | M2: 2013 | N2: 2014 | O2: 2015 | P2: 2016 | R2: 2007 | S2: 2008 | T2: 2009 | U2: 2010 | V2: 2011 | W2: 2012 | X2: 2013 | Y2: 2014 | Z2: 2015 | AA2: 2016
D3: Longitude | E3: Latitude | G3: PRE | H3: PRE | I3: PRE | J3: PRE | K3: PRE | L3: PRE | M3: PRE | N3: PRE | O3: PRE | P3: PRE | R3: POST | S3: POST | T3: POST | U3: POST | V3: POST | W3: POST | X3: POST | Y3: POST | Z3: POST | AA3: POST
A4: 1 | B4: Bhanwta | C4: PRAHLAD PATWARI | D4: 26°26'46.77'' | E4: 74°27'54.73'' | F4: 23 | G4: 18.68 | H4: 24.55 | I4: 26.46 | J4: 29.3 | K4: 20.17 | L4: 20.42 | M4: 16.95 | N4: 17.25 | O4: 19.02 | P4: 19.1 | R4: 18.5 | S4: 24.45 | T4: 27.65 | U4: 30.35 | V4: 16.48 | W4: 16.25 | X4: 17.13 | Y4: 16.25 | Z4: 18.05 | AA4: 17.1
A5: 2 | B5: Leswa | C5: G.W.D. | D5: 26°28'19.13'' | E5: 74°25'33.58'' | F5: 80 | G5: 23.45 | H5: 24.95 | I5: 25.9 | J5: 29.45 | K5: 32.55 | L5: 35.47 | M5: 36.9 | N5: 38.13 | O5: 40.13 | P5: 43.25 | R5: 22.25 | S5: 24.14 | T5: 26.45 | U5: 28.95 | V5: 32.35 | W5: 36.1 | X5: 36.85 | Y5: 37.1 | Z5: 39.6 | AA5: 42.1
A6: 3 | B6: Govindgarh | C6: LAXMAN NATHU YADAV | D6: 26°13'54.69'' | E6: 74°23'38.1'' | F6: 26.15 | G6: 19.25 | H6: 19.35 | I6: 20.23 | J6: 19.2 | K6: 18.74 | L6: 18.27 | M6: 18.15 | N6: 18.7 | O6: 19.1 | P6: 18.4 | R6: 18.4 | S6: 18.92 | T6: 21.05 | U6: 18.8 | V6: 18.49 | W6: 17.62 | X6: 17.8 | Y6: 17.5 | Z6: 18.7 | AA6: 19.2
A7: 4 | B7: PEESANGAN | C7: G.W.D. | D7: 26°21'22.35'' | E7: 74°22'51.85'' | F7: 30 | G7: 17.3 | H7: 22.4 | I7: 23.49 | J7: 23.65 | K7: 17.42 | L7: 18.85 | M7: 17.46 | N7: 19.26 | O7: 19.9 | P7: 21.8 | R7: 15.65 | S7: 19.68 | T7: 23.7 | U7: 12.5 | V7: 16.6 | W7: 13.16 | X7: 17.95 | Y7: 17.9 | Z7: 17.74 | AA7: 20.9
A8: 5 | B8: Saradhana | C8: SWAJ KARAN KAJJA CHANGAL (JAT) | D8: 26°24'55.65'' | E8: 74°18'44.43'' | F8: 36.5 | G8: 19.5 | H8: 32.45 | I8: 34.1 | J8: 34.42 | K8: 35.86 | L8: 26.65 | M8: 23.25 | N8: 23.86 | O8: 23.86 | P8: 25.4 | R8: 16.65 | S8: 31.72 | T8: 35.02 | U8: 36.26 | V8: 23.35 | W8: 22.5 | X8: 22.9 | Y8: 20.6 | Z8: 20.6 | AA8: 23.36
A9: 6 | B9: Sarsari | C9: Ranjeet Ji Jat | D9: 26°21'9.44'' | E9: 74°35'18.66'' | F9: 37.5 | G9: 13.3 | H9: 11.45 | I9: 18.8 | J9: 21 | K9: 15.88 | L9: 17.1 | M9: 16.5 | N9: 18.8 | O9: 17.95 | P9: 18.8 | R9: 14.2 | S9: 5.04 | T9: 20.9 | U9: 13.28 | V9: 8.4 | W9: 9.85 | X9: 16.9 | Y9: 16.35 | Z9: 17.25 | AA9: 16.7
A10: 7 | B10: NALA PUSHKER | C10: RATHANA JI S/O DALAJI 9828939651 | D10: 26.485025 | E10: 74.56454 | F10: 32.4 | G10: 19.6 | H10: 29.5 | I10: 29.1 | J10: 29.46 | K10: 29.36 | L10: 29 | M10: 28.79 | N10: 29.36 | O10: 29.36 | P10: 28.8 | R10: 14.5 | S10: 24.12 | T10: 29.4 | U10: 29.51 | V10: 29.26 | W10: 28.75 | X10: 27.78 | Y10: 28.1 | Z10: 29.1 | AA10: 25.95
A11: 8 | B11: KAWALAI | C11: CHODUSINGH S/O UMA SINGH | D11: 26.594715 | E11: 74.592616 | F11: 35.5 | G11: 18.45 | H11: 31 | I11: 30.85 | J11: 31.5 | K11: 31.97 | L11: 32.37 | M11: 32.45 | N11: 32.8 | O11: 34.95 | P11: 34.1 | R11: 17.95 | S11: 28.47 | T11: 31.45 | U11: 30.14 | V11: 31.95 | W11: 31.35 | X11: 31.9 | Y11: 31.15 | Z11: 33.1 | AA11: 32.4
B12: Average | G12: =AVERAGE(G4:G11) -> 18.69125 | H12: =AVERAGE(H4:H11) -> 24.45625 | I12: =AVERAGE(I4:I11) -> 26.11625 | J12: =AVERAGE(J4:J11) -> 27.2475 | K12: =AVERAGE(K4:K11) -> 25.24375 | L12: =AVERAGE(L4:L11) -> 24.76625 | M12: =AVERAGE(M4:M11) -> 23.80625 | N12: =AVERAGE(N4:N11) -> 24.77 | ... P12: =AVERAGE(P4:P11) -> 26.20625 | R12: =AVERAGE(R4:R11) -> 17.2625 | S12: =AVERAGE(S4:S11) -> 22.0675 | T12: =AVERAGE(T4:T11) -> 26.9525 | U12: =AVERAGE(U4:U11) -> 24.97375 | V12: =AVERAGE(V4:V11) -> 22.11 | W12: =AVERAGE(W4:W11) -> 21.9475 | X12: =AVERAGE(X4:X11) -> 23.65125 | Y12: =AVERAGE(Y4:Y11) -> 23.11875 | ... AA12: =AVERAGE(AA4:AA11) -> 24.71375

Sheet WaterLevel 12-16
A1: WATER LEVEL FLUCTUATION DATA (MTS) FROM 2007-2016 OF Peesangan GW cluster area
A2: S.NO | B2: NAME OF VILLAGE | C2: OWNER NAME | D2: ='[1]wl2006-2011'!F1:F2 -> Longitude | F2: TOTAL DEPTH | G2: 2012 | J2: 2013 | M2: 2014 | P2: 2015 | S2: 2016 | V2: 2017 | W2: Post 16 - Pre 17
D3: Longitude | E3: Latitude | G3: PRE | H3: POST | I3: FLU | J3: PRE | K3: POST | L3: FLU | M3: PRE | N3: POST | O3: FLU | P3: PRE | Q3: POST | R3: FLU | S3: PRE | T3: POST | U3: FLU | V3: Pre | W3: FLU
A4: 1 | B4: Bhagwanpura | C4: G.W.D. | D4: 26°26'56.52'' | E4: 74°27'55.2'' | F4: 30.5 | G4: 25.7 | H4: 22.17 | I4: =G4-H4 -> 3.53 | J4: 25.5 | K4: 25.3 | L4: =J4-K4 -> 0.2 | M4: 28 | N4: 26.9 | O4: =M4-N4 -> 1.1 | P4: 28.5 | Q4: 27.9 | R4: =P4-Q4 -> 0.6 | S4: 29.75 | T4: 28.9 | U4: =S4-T4 -> 0.85 | Y4: 3.15 | Z4: =T4+Y4 -> 32.05
A5: 2 | B5: Bhanwta | C5: PRAHLAD PATWARI | D5: 26°26'46.77'' | E5: 74°27'54.73'' | F5: 23 | G5: 12.95 | H5: 8.4 | I5: =G5-H5 -> 4.55 | J5: 16.95 | K5: 17.13 | L5: =J5-K5 -> -0.18 | M5: 17.25 | N5: 16.25 | O5: =M5-N5 -> 1 | P5: 19.02 | Q5: 18.05 | R5: =P5-Q5 -> 0.97 | S5: 19.1 | T5: 17.1 | U5: =S5-T5 -> 2 | V5: 20.1 | W5: =V5-T5 -> 3
A6: 3 | B6: Budhwara | C6: CHATARBHUJ S/O BARDAJI | D6: 26°16'8.64'' | E6: 74°37'22.35'' | F6: 35 | G6: 30.3 | H6: 23.48 | I6: 1.95 | J6: 30.3 | K6: 29.34 | L6: =J6-K6 -> 0.96 | M6: 31.47 | N6: 29.95 | O6: =M6-N6 -> 1.52 | P6: 32.01 | Q6: 30.15 | R6: =P6-Q6 -> 1.86 | S6: - | T6: dry
A7: 4 | B7: Ganahera | C7: G.W.D. | D7: 26°22'22'' | E7: 74°26'7.55'' | F7: 30 | G7: 27.8 | H7: 27.45 | I7: =G7-H7 -> 0.35 | J7: 27.8 | K7: 27.5 | L7: =J7-K7 -> 0.3 | M7: 29.13 | N7: 27.5 | O7: =M7-N7 -> 1.63 | P7: 31.75 | Q7: 32.15 | R7: =P7-Q7 -> -0.4 | S7: - | T7: dry
A8: 5 | B8: Leswa | C8: G.W.D. | D8: 26°28'19.13'' | E8: 74°25'33.58'' | F8: 80 | G8: 39.26 | H8: 31.48 | I8: =G8-H8 -> 7.78 | J8: 36.9 | K8: 36.85 | L8: =J8-K8 -> 0.05 | M8: 38.13 | N8: 37.1 | O8: =M8-N8 -> 1.03 | P8: 40.13 | Q8: 39.6 | R8: =P8-Q8 -> 0.53 | S8: 43.25 | T8: 42.1 | U8: =S8-T8 -> 1.15 | V8: 44.1 | W8: =V8-T8 -> 2
A9: 6 | B9: Pushkar (Rural) | C9: G.W.D. | D9: 26°24'27.43'' | E9: 74°28'10.24'' | F9: 21.3 | G9: 29 | H9: 28.75 | I9: =G9-H9 -> 0.25 | J9: 28.79 | K9: 28.78 | L9: =J9-K9 -> 0.01 | M9: 29.36 | N9: 28.1 | O9: =M9-N9 -> 1.26 | P9: 30.36 | Q9: 28.9 | R9: =P9-Q9 -> 1.46 | S9: 29.2 | T9: 29.1 | U9: =S9-T9 -> 0.1
A10: 7 | B10: Kawalai | C10: NANU RAM HAMIRA RAWAT | D10: 26°17'23.3'' | E10: 74°17'18.34'' | F10: 33.5 | G10: 32.45 | H10: 31.1 | I10: =G10-H10 -> 1.35 | J10: 29.75 | K10: 29.7 | L10: =J10-K10 -> 0.05 | M10: 31.7 | N10: 29.35 | O10: =M10-N10 -> 2.35 | P10: 32.7 | Q10: 29.35 | R10: =P10-Q10 -> 3.35 | S10: 33.6 | T10: 32.9 | U10: =S10-T10 -> 0.7 | V10: 33.53 | W10: =V10-T10 -> 0.63
A11: 8 | B11: Govindgarh | C11: LAXMAN NATHU YADAV | D11: 26°13'54.69'' | E11: 74°23'38.1'' | F11: 26.15 | G11: 18.15 | H11: 17.62 | I11: =G11-H11 -> 0.53 | J11: 18.15 | K11: 17.8 | L11: =J11-K11 -> 0.35 | M11: 18.7 | N11: 17.5 | O11: =M11-N11 -> 1.2 | P11: 19.1 | Q11: 18.7 | R11: =P11-Q11 -> 0.4 | S11: 18.4 | T11: 19.2 | U11: =S11-T11 -> -0.8 | V11: 19.5 | W11: =V11-T11 -> 0.3
A12: 9 | B12: Nad | C12: RAMJI S/O KASTUR JI | D12: 26°28'2.69'' | E12: 74°30'30'' | F12: 21 | G12: 7.02 | H12: 6.82 | I12: =G12-H12 -> 0.2 | J12: 11.25 | K12: 11.4 | L12: =J12-K12 -> -0.15 | M12: 12.1 | N12: 10.7 | O12: =M12-N12 -> 1.4 | P12: 13.25 | Q12: 12.7 | R12: =P12-Q12 -> 0.55 | S12: 17.9 | T12: 17.65 | U12: =S12-T12 -> 0.25
A13: 10 | B13: PEESANGAN | C13: G.W.D. | D13: 26°21'22.35'' | E13: 74°22'51.85'' | F13: 30 | G13: 20.46 | H13: 17.18 | I13: =G13-H13 -> 3.28 | J13: 17.46 | K13: 17.95 | L13: =J13-K13 -> -0.49 | M13: 19.26 | N13: 17.9 | O13: =M13-N13 -> 1.36 | P13: 19.9 | Q13: 17.74 | R13: =P13-Q13 -> 2.16 | S13: 21.8 | T13: 20.9 | U13: =S13-T13 -> 0.9 | V13: 23.2 | W13: =V13-T13 -> 2.3
A14: 11 | B14: PEESANGAN | C14: NAURATMAL SONI | D14: 26°24'3.97'' | E14: 74°22'52.47'' | F14: 25 | G14: 13.15 | H14: 7.78 | I14: =G14-H14 -> 5.37 | J14: 15.15 | K14: 15.88 | L14: =J14-K14 -> -0.73 | M14: 18.6 | N14: 17.6 | O14: =M14-N14 -> 1 | P14: 18.6 | Q14: 20.1 | R14: =P14-Q14 -> -1.5 | S14: 23.1 | T14: 24.14 | U14: =S14-T14 -> -1.04 | V14: 25.4 | W14: =V14-T14 -> 1.26
A15: 12 | B15: Saradhana | C15: SWAJ KARAN KAJJA CHANGAL (JAT) | D15: 26°24'55.65'' | E15: 74°18'44.43'' | F15: 36.5 | G15: 26.65 | H15: 22.5 | I15: =G15-H15 -> 4.15 | J15: 23.25 | K15: 22.9 | L15: =J15-K15 -> 0.35 | M15: 23.86 | N15: 20.6 | O15: =M15-N15 -> 3.26 | P15: 23.86 | Q15: 20.6 | R15: =P15-Q15 -> 3.26 | S15: 25.4 | T15: 23.36 | U15: =S15-T15 -> 2.04
A16: 13 | B16: Kalesara | C16: Jameel Chhipa | D16: 26°20'7.5'' | E16: 74°19'21.46'' | F16: 27 | G16: 5.25 | H16: 4.47 | I16: 0.78 | J16: 15.25 | K16: 15.2 | L16: =J16-K16 -> 0.05 | M16: 17.9 | N16: 17.1 | O16: =M16-N16 -> 0.8 | P16: 15.9 | Q16: 12.3 | R16: =P16-Q16 -> 3.6 | S16: 13 | T16: 12.7 | U16: =S16-T16 -> 0.3
A17: 14 | B17: Sarsari | C17: Ranjeet Ji Jat | D17: 26°21'9.44'' | E17: 74°35'18.66'' | F17: 37.5 | G17: 10.5 | H17: 10.4 | I17: =G17-H17 -> 0.1 | J17: 16.5 | K17: 16.9 | L17: =J17-K17 -> -0.4 | M17: 18.8 | N17: 16.35 | O17: =M17-N17 -> 2.45 | P17: 17.95 | Q17: 17.25 | R17: =P17-Q17 -> 0.7 | S17: 18.8 | T17: 16.7 | U17: =S17-T17 -> 2.1 | V17: 18.55 | W17: =V17-T17 -> 1.85
A18: 15 | B18: AMBAMASEENA | C18: Sh.Panchu singh ji /deva ji | D18: 26 22 21.1 | E18: 74 32 26.4 | F18: 30 | P18: 3.95 | Q18: 4.3 | R18: =P18-Q18 -> -0.35 | S18: 6.3 | T18: 3.55 | U18: =S18-T18 -> 2.75 | V18: 4.7 | W18: =V18-T18 -> 1.15
A19: 17 | B19: Budhwara | C19: Shri Harkaran Ji/Balu ji Jat | D19: 26 21 50.5 | E19: 74 26 47.7 | F19: 40 | P19: 14.84 | Q19: 16 | R19: =P19-Q19 -> -1.16 | S19: 30.6 | T19: 28.25 | U19: =S19-T19 -> 2.35 | V19: 30.21 | W19: =V19-T19 -> 1.96
A20: 18 | B20: Dodiyana | C20: Shri Babulal Ji /Heeralal ji Mali | D20: 26 20 00.0 | E20: 74 29 29.0 | F20: 30 | P20: 26.85 | Q20: 27.7 | R20: =P20-Q20 -> -0.85 | S20: 28.1 | T20: 26.7 | U20: =S20-T20 -> 1.4 | V20: 28.5 | W20: =V20-T20 -> 1.8
A21: 19 | B21: Doomara | C21: Sh. Girdhari lal/Poosa ji | D21: 26 22 0.09 | E21: 74 34 49.1 | F21: 30 | P21: 4.85 | Q21: 5.9 | R21: =P21-Q21 -> -1.05 | S21: 7.6 | T21: 4.35 | U21: =S21-T21 -> 3.25 | V21: 6.8 | W21: =V21-T21 -> 2.45
A22: 20 | B22: Fatehpur | C22: In front of primary school (Budha ji,Ratna ji,Mithuji) | D22: 26 24 45.2 | E22: 74 24 75.1 | F22: 30 | P22: 22.9 | Q22: 20.1 | R22: =P22-Q22 -> 2.8 | S22: 20.1 | T22: 19.6 | U22: =S22-T22 -> 0.5 | V22: 21.1 | W22: =V22-T22 -> 1.5
A23: 21 | B23: Jaswantpura | C23: Sh. Bheekaram /Jawahar lal ji Raigar | D23: 26 27 21.2 | E23: 74 25 56.7 | F23: 31.5 | P23: 24.1 | Q23: 30 | R23: =P23-Q23 -> -5.9 | U23: =S23-T23 -> 0
A24: 22 | B24: khori | C24: Sh. Sravan ji /Heera ji Rawat | D24: 26 34 00.9 | E24: 74 35 46.9 | F24: 52 | P24: 47.34 | Q24: 46.5 | R24: =P24-Q24 -> 0.84 | S24: 51.2 | T24: 44.3 | U24: =S24-T24 -> 6.9 | V24: 45.5 | W24: =V24-T24 -> 1.2
A25: 23 | B25: Kishanpura | C25: Sh. Mahesh ji/Omprakash ji Khateek | D25: 26 29 22.4 | E25: 74 29 01.3 | F25: 33 | P25: 21.1 | Q25: 26.5 | R25: =P25-Q25 -> -5.4 | S25: 27.4 | T25: 25.6 | U25: =S25-T25 -> 1.8 | V25: 26.34 | W25: =V25-T25 -> 0.74
A26: 24 | B26: Nathuthala | C26: Sh.Kalu Ji /Mishri ji Raigar | D26: 26 22 00.4 | E26: 74 30 02.6 | F26: 20 | P26: 8 | Q26: 2.25 | R26: =P26-Q26 -> 5.75 | S26: 5.3 | T26: 1.1 | U26: =S26-T26 -> 4.2 | V26: 2.3 | W26: =V26-T26 -> 1.2
A27: 25 | B27: Nooriyawas | C27: Shri Bhenru lal Ji /Deva Ji Gurjar | D27: 26 21 01.4 | E27: 74 29 11.6 | F27: 30 | P27: 9.2 | Q27: 4.9 | R27: =P27-Q27 -> 4.3 | S27: 18.4 | T27: 12.5 | U27: =S27-T27 -> 5.9 | V27: 14.85 | W27: =V27-T27 -> 2.35
A28: 26 | B28: Rampura Dabla | C28: Sh Kana ji/Mishri ji Jat | D28: 26 23 33.5 | E28: 74 24 59.6 | F28: 31 | P28: 27 | Q28: 27.9 | R28: =P28-Q28 -> -0.9 | S28: 27.8 | T28: 25.6 | U28: =S28-T28 -> 2.2 | V28: 28.2 | W28: =V28-T28 -> 2.6
A29: 28 | B29: Sethan | C29: Sh. Babu lal ji/Bodu ji Raigar | D29: 26 25 25.5 | E29: 74 24 40.3 | F29: 21 | P29: 19.9 | Q29: 16.2 | R29: =P29-Q29 -> 3.7 | S29: 16.85 | T29: 15.45 | U29: =S29-T29 -> 1.4 | V29: 16.9 | W29: =V29-T29 -> 1.45
A30: 29 | B30: Soorajkund | C30: Shri Hagam Ji /Heera Ji | D30: 26 27 39.5 | E30: 74 28 36.5 | F30: 18 | P30: 17.4 | Q30: 18 | R30: =P30-Q30 -> -0.6 | U30: =S30-T30 -> 0
A31: 30 | B31: Doongriya Khurd | C31: Sh. Ramswroop /Rodu lal ji Raigar | D31: 26 33 04.2 | E31: 74 33 02.7 | F31: 31.5 | P31: 30.7 | Q31: 28.6 | R31: =P31-Q31 -> 2.1 | S31: 29.95 | T31: 25.5 | U31: =S31-T31 -> 4.45 | V31: 27.5 | W31: =V31-T31 -> 2
A32: 31 | B32: Kalesra | C32: Public well | D32: 26 20 34.1 | E32: 74 25 19.2 | F32: 13.5 | P32: 7.9 | Q32: 10 | R32: =P32-Q32 -> -2.1 | S32: 12.9 | T32: 8.6 | U32: =S32-T32 -> 4.3 | V32: 10.8 | W32: =V32-T32 -> 2.2
A33: 32 | B33: Dantra | C33: Shri Harji /Lala ji Jat | D33: 26 20 14.1 | E33: 74 28 30.9 | F33: 30 | P33: 8.24 | Q33: 10 | R33: =P33-Q33 -> -1.76 | S33: 9.95 | T33: 7 | U33: =S33-T33 -> 2.95 | V33: 8.5 | W33: =V33-T33 -> 1.5
A34: 33 | B34: Govind Garh | C34: Sh.Naina ji/Ganesh ji Kumawat | D34: 26 27 22.9 | E34: 74 23 22.9 | F34: 18 | P34: 13.7 | Q34: 13.9 | R34: =P34-Q34 -> -0.2 | S34: 13.8 | T34: 12.9 | U34: =S34-T34 -> 0.9 | V34: 13.5 | W34: =V34-T34 -> 0.6
A35: 34 | B35: Lyali khera | C35: Shri Balu ji/Laxman ji Rawat | D35: 26 19 05.9 | E35: 74 27 09.2 | F35: 16.8 | P35: 11.5 | Q35: 8.6 | R35: =P35-Q35 -> 2.9 | S35: 13.95 | T35: 12.75 | U35: =S35-T35 -> 1.2 | V35: 13.6 | W35: =V35-T35 -> 0.85
A36: 35 | B36: Saradhana | C36: Sh.Ganpat ji/Suraj ji | D36: 26 21 54.7 | E36: 74 35 14.6 | F36: 30 | P36: 25.85 | Q36: 28.2 | R36: =P36-Q36 -> -2.35 | S36: 29.4 | T36: 25.2 | U36: =S36-T36 -> 4.2 | V36: 27.95 | W36: =V36-T36 -> 2.75
A37: 37 | B37: PEESANGAN | C37: PREME KISHORE S/O SANKERLAL 8875324092 | D37: 26.421682 | E37: 74.335114 | F37: 33.15 | S37: 25.7 | T37: 17.6 | U37: =S37-T37 -> 8.1 | V37: 19.52 | W37: =V37-T37 -> 1.92
A38: 38 | B38: GOVIND GARAH | C38: SHARAN SINGH 9413692988 | D38: 26.468989 | E38: 74.36089 | F38: 23.4 | S38: 14.9 | T38: 14.65 | U38: =S38-T38 -> 0.25 | V38: 15.3 | W38: =V38-T38 -> 0.65
A39: 39 | B39: GOVIND GARAH | C39: HARI SINGH S/O RAJU PANNA | D39: 26.449547 | E39: 74.354325 | F39: 24.7 | S39: 16.25 | T39: 12.5 | U39: =S39-T39 -> 3.75 | V39: 15.81 | W39: =V39-T39 -> 3.31
A40: 40 | B40: GOVIND GARAH | C40: HAJISARWER S/O SULAIMAN 8414668615 | D40: 26.448722 | E40: 74.35525 | F40: 23.7 | S40: 15.45 | T40: 14.4 | U40: =S40-T40 -> 1.05 | V40: 16.2 | W40: =V40-T40 -> 1.8
A41: 41 | B41: PEESANGAN | C41: MANISH JI | D41: 26.426081 | E41: 74.35306 | F41: 28.6 | S41: 28.4 | T41: 19.6 | U41: =S41-T41 -> 8.8 | V41: 21.97 | W41: =V41-T41 -> 2.37
A42: 42 | B42: PEESANGAN | C42: PUDHU JI | D42: 26.367694 | E42: 74.360151 | F42: 35 | S42: 23.9 | T42: 21.2 | U42: =S42-T42 -> 2.7 | V42: 23.4 | W42: =V42-T42 -> 2.2
A43: 43 | B43: GOVIND GARAH | C43: RAJU LAL S/O MULARAM JI 9282888575 | D43: 26.468419 | E43: 74.377055 | F43: 22.85 | S43: 13.6 | T43: 12 | U43: =S43-T43 -> 1.6 | V43: 13.4 | W43: =V43-T43 -> 1.4
A44: 44 | B44: GOVIND GARAH | C44: BEEKA JI S/O KOLA JI 8058939537 | D44: 26.461836 | E44: 74.380389 | F44: 16.75 | S44: 13.6 | T44: 12.75 | U44: =S44-T44 -> 0.85 | V44: 14.19 | W44: =V44-T44 -> 1.44
A45: 45 | B45: GOVINDGARAH | C45: BABU LAL | D45: 26.449487 | E45: 74.376669 | F45: 15.6 | S45: 5.6 | T45: 4.7 | U45: =S45-T45 -> 0.9 | V45: 7.9 | W45: =V45-T45 -> 3.2
A46: 46 | B46: SETHAN | C46: OM JI S/O PHAGU JI 9983442434 | D46: 26.422808 | E46: 74.381015 | F46: 24.2 | S46: 18.55 | T46: 18.2 | U46: =S46-T46 -> 0.35 | V46: 19.1 | W46: =V46-T46 -> 0.9
A47: 47 | B47: PEESANGAN | C47: PANALAL S/O MAYWADIYA 9983481539 | D47: 26.378502 | E47: 74.369296 | F47: 23 | S47: 21.85 | T47: 19.15 | U47: =S47-T47 -> 2.7 | V47: 21.5 | W47: =V47-T47 -> 2.35
A48: 48 | B48: GOVIND GARAH | C48: PERULAL KUMAWAT S/O MADU JI 7597521502 | D48: 26.457137 | E48: 74.393377 | F48: 9.5 | S48: 8.4 | T48: 6.6 | U48: =S48-T48 -> 1.8 | V48: 8.85 | W48: =V48-T48 -> 2.25
... A72: 73 | B72: BANSELI | C72: SHATHAWANI | D72: 26.523359 | E72: 74.54808 | F72: 34.05 | S72: 32.25 | T72: 31.7 | U72: =S72-T72 -> 0.55 | V72: 31.92 | W72: =V72-T72 -> 0.22
A73: 74 | B73: NALA PUSHKER | C73: RATHANA JI S/O DALAJI 9828939651 | D73: 26.485025 | E73: 74.56454 | F73: 32.4 | G73: 29 | H73: 28.75 | I73: 0.25 | J73: 28.79 | K73: 27.78 | L73: =J73-K73 -> 1.01 | M73: 29.36 | N73: 28.1 | O73: =M73-N73 -> 1.26 | P73: 29.36 | Q73: 29.1 | R73: =P73-Q73 -> 0.26 | S73: 28.8 | T73: 25.95 | U73: =S73-T73 -> 2.85 | V73: 27.8 | W73: =V73-T73 -> 1.85
A74: 75 | B74: NALA PUSHKER | C74: PATHERI S/O GOPALJI 8094381083 | D74: 26.473817 | E74: 74.557848 | F74: 39.9 | S74: 37.05 | T74: 36.5 | U74: =S74-T74 -> 0.55 | V74: 39.5 | W74: =V74-T74 -> 3
A75: 76 | B75: SARADHANA | C75: Amersenji s/o Mangilal 9414931534 | D75: 26.342567 | E75: 74.561519 | F75: 26.4 | S75: 18.65 | T75: 17.7 | U75: =S75-T75 -> 0.95 | V75: 17.9 | W75: =V75-T75 -> 0.2
A76: 77 | B76: DEONAGER | C76: HARAJI KADRI S/O GOPALJI 9460090280 | D76: 26.542846 | E76: 74.565921 | F76: 37.35 | S76: 35.2 | T76: 35.1 | U76: =S76-T76 -> 0.1 | V76: 35.7 | W76: =V76-T76 -> 0.6
A77: 78 | B77: NALA PUSHKER | C77: Sugah chand | D77: 26.481476 | E77: 74.567532 | F77: 21.35 | S77: 18.75 | T77: 18.3 | U77: =S77-T77 -> 0.45 | V77: 19.3 | W77: =V77-T77 -> 1
A78: 79 | B78: DOOMARA | C78: DINESH 9166609129 | D78: 26.365025 | E78: 74.575267 | F78: 24 | S78: 5.7 | T78: 3.1 | U78: =S78-T78 -> 2.6 | V78: 4.8 | W78: =V78-T78 -> 1.7
A79: 80 | B79: SARADHANA | C79: SANKER JI S/O LATHU JI 9929373507 9924593468 | D79: 26.358842 | E79: 74.577146 | F79: 8.35 | S79: 4.2 | T79: 3.5 | U79: =S79-T79 -> 0.7 | V79: 3.6 | W79: =V79-T79 -> 0.1
A80: 81 | B80: SARADHANA | C80: DINESH S/O RAM CHADHER | D80: 26.344991 | E80: 74.578518 | F80: 17.4 | S80: 13.3 | T80: 12.1 | U80: =S80-T80 -> 1.2 | V80: 13.2 | W80: =V80-T80 -> 1.1
A81: 82 | B81: KADEL | C81: Ramesh Guptha S/O Surajpan Guptha 9414007375 | D81: 26.572375 | E81: 74.570901 | F81: 28.3 | S81: 27.2 | T81: 24 | U81: =S81-T81 -> 3.2 | V81: 26.9 | W81: =V81-T81 -> 2.9
A82: 83 | B82: DEONAGER | C82: GOPAL S/O RAMLALJI 9928724099 | D82: 26.537563 | E82: 74.573416 | F82: 28.4 | S82: 27.7 | T82: 27 | U82: =S82-T82 -> 0.7 | V82: 27.4 | W82: =V82-T82 -> 0.4
A83: 84 | B83: REWAT | C83: SKUMAR S/O GIRIRAJ 9828642597 | D83: 26.546213 | E83: 74.571842 | F83: 40.15 | S83: 37.65 | T83: 36.4 | U83: =S83-T83 -> 1.25 | V83: 37.9 | W83: =V83-T83 -> 1.5
A84: 85 | B84: SARADHANA | C84: HARI JI S/O GOPAL JI 7742950059 | D84: 26.326345 | E84: 74.588083 | F84: 32.3 | S84: 29 | T84: 28.5 | U84: =S84-T84 -> 0.5 | V84: 29.3 | W84: =V84-T84 -> 0.8
A85: 86 | B85: KAWALAI | C85: CHODUSINGH S/O UMA SINGH | D85: 26.594715 | E85: 74.592616 | F85: 35.5 | G85: 32.37 | H85: 31.35 | I85: =G85-H85 -> 1.02 | J85: 32.45 | K85: 31.9 | L85: =J85-K85 -> 0.55 | M85: 32.8 | N85: 31.15 | O85: =M85-N85 -> 1.65 | P85: 34.95 | Q85: 33.1 | R85: =P85-Q85 -> 1.85 | S85: 34.1 | T85: 32.4 | U85: =S85-T85 -> 1.7 | V85: 33.9 | W85: =V85-T85 -> 1.5
A86: 87 | B86: KHORI | C86: kasher davi w/o RATHANLALA 8290789091 | D86: 26.570952 | E86: 74.596911 | F86: 33.4 | S86: 32.3 | T86: 31.25 | U86: =S86-T86 -> 1.05 | V86: 32.1 | W86: =V86-T86 -> 0.85
A87: 88 | B87: KAWALAI | C87: GANDER SINGH S/O BAJRAN SINGH 9660088501 | D87: 26.594904 | E87: 74.599764 | F87: 36.8 | G87: 32.45 | H87: 31.1 | I87: 1.35 | J87: 30.7 | K87: 29.5 | L87: =J87-K87 -> 1.2 | M87: 32.7 | N87: 29.35 | O87: =M87-N87 -> 3.35 | P87: 32.7 | Q87: 29.35 | R87: =P87-Q87 -> 3.35 | S87: 28.5 | T87: 26.6 | U87: =S87-T87 -> 1.9 | V87: 27.2 | W87: =V87-T87 -> 0.6
G88: =AVERAGE(G4:G87) -> 23.085882 | H88: =AVERAGE(H4:H87) -> 20.635294 | I88: =G88-H88 -> 2.4505882 | J88: =AVERAGE(J4:J87) -> 23.82 | K88: =AVERAGE(K4:K87) -> 23.635882 | L88: =J88-K88 -> 0.18411765 | M88: =AVERAGE(M4:M87) -> 25.242353 | N88: =AVERAGE(N4:N87) -> 23.617647 | O88: =M88-N88 -> 1.6247059 | P88: =AVERAGE(P4:P87) -> 21.815556 | Q88: =AVERAGE(Q4:Q87) -> 21.183056 | R88: =P88-Q88 -> 0.6325 | S88: =AVERAGE(S4:S87) -> 22.15 | T88: =AVERAGE(T4:T87) -> 20.2 | U88: =S88-T88 -> 1.95 | V88: =AVERAGE(V4:V87) -> 21.571867 | W88: =V88-T88 -> 1.3718667

Sheet MonthlyRF n
N1: TABLE-XIII
A2: BLOCKWISE BIFURCATION OF MONTHLY RAINFALL (mm) FOR MONSOON AND NON-MONSOON CYCLE
A3: FROM 2002 TO 2016 OF PEESANGAN GW CLUSTER AREA AJMER DISTRICT
A4: Months/ | B4: MONSOON PERIOD | G4: NON-MONSOON PERIOD | P4: TOTAL
A5: Years | B5: June | C5: July | D5: August | E5: Sept. | F5: Total | G5: Oct. | H5: Nov. | I5: Dec. | J5: Jan | K5: Feb. | L5: March | M5: April | N5: May | O5: Total | P5: Annual
A6: BLOCK: Pisangan
A7: 1996 | B7: 124 | C7: 144 | D7: 339 | E7: 73 | F7: =+B7+C7+D7+E7 -> 680 | G7: 0 | H7: 0 | I7: 0 | J7: 0 | K7: 0 | L7: 0 | M7: 0 | N7: 0 | O7: =SUM(G7:N7) -> 0 | P7: =+F7+O7 -> 680
A8: 1997 | B8: 149 | C8: 104 | D8: 231 | E8: 63 | F8: =+B8+C8+D8+E8 -> 547 | G8: 40 | H8: 13 | M8: 43 | N8: 40 | O8: =SUM(G8:N8) -> 136 | P8: =+F8+O8 -> 683
A9: 1998 | B9: 33 | C9: 153 | D9: 89 | E9: 156 | F9: =+B9+C9+D9+E9 -> 431 | G9: 28 | L9: 7 | O9: =SUM(G9:N9) -> 35 | P9: =+F9+O9 -> 466
A10: 1999 | B10: 46 | C10: 101 | D10: 84 | E10: 41 | F10: =+B10+C10+D10+E10 -> 272 | G10: 5 | K10: 8 | O10: =SUM(G10:N10) -> 13 | P10: =+F10+O10 -> 285
A11: 2000 | B11: 0 | C11: 264 | D11: 31 | E11: 91 | F11: =+B11+C11+D11+E11 -> 386 | N11: 17 | O11: =SUM(G11:N11) -> 17 | P11: =+F11+O11 -> 403
A12: 2001 | B12: 71 | C12: 421 | D12: 177 | E12: 0 | F12: =+B12+C12+D12+E12 -> 669 | G12: 0 | H12: 0 | I12: 0 | J12: 0 | K12: 0 | L12: 0 | M12: 0 | N12: 0 | O12: =SUM(G12:N12) -> 0 | P12: =+F12+O12 -> 669
A13: 2002 | B13: 13 | C13: 0 | D13: 41 | E13: 49 | F13: =+B13+C13+D13+E13 -> 103 | K13: 30 | N13: 9 | O13: =SUM(G13:N13) -> 39 | P13: =+F13+O13 -> 142
A14: 2003 | B14: 56 | C14: 182 | D14: 102 | E14: 33 | F14: =+B14+C14+D14+E14 -> 373 | K14: 20 | O14: =SUM(G14:N14) -> 20 | P14: =+F14+O14 -> 393
A15: 2004 | B15: 0 | C15: 92 | D15: 159 | E15: 17 | F15: =+B15+C15+D15+E15 -> 268 | G15: 26 | N15: 12 | O15: =SUM(G15:N15) -> 38 | P15: =+F15+O15 -> 306
A16: 2005 | B16: 14 | C16: 172 | D16: 55 | E16: 240 | F16: =+B16+C16+D16+E16 -> 481 | L16: 11 | M16: 15 | O16: =SUM(G16:N16) -> 26 | P16: =+F16+O16 -> 507
A17: 2006 | B17: 57 | C17: 76 | D17: 126 | E17: 39 | F17: =+B17+C17+D17+E17 -> 298 | N17: 2.5 | O17: =SUM(G17:N17) -> 2.5 | P17: =+F17+O17 -> 300.5
A18: 2007 | B18: 54 | C18: 196 | D18: 92 | E18: 35 | F18: =+B18+C18+D18+E18 -> 377 | L18: 16 | O18: =SUM(G18:N18) -> 16 | P18: =+F18+O18 -> 393
A19: 2008 | B19: 48 | C19: 114 | D19: 140 | E19: 6 | F19: =+B19+C19+D19+E19 -> 308 | G19: 1 | M19: 26 | N19: 26 | O19: =SUM(G19:N19) -> 53 | P19: =+F19+O19 -> 361
A20: 2009 | B20: 10 | C20: 76 | D20: 29 | E20: 8 | F20: =+B20+C20+D20+E20 -> 123 | L20: 2 | N20: 2 | O20: =SUM(G20:N20) -> 4 | P20: =+F20+O20 -> 127
A21: 2010 | B21: 1 | C21: 85 | D21: 349 | E21: 278 | F21: =+B21+C21+D21+E21 -> 713 | H21: 85 | I21: 9 | K21: 2 | M21: 10 | O21: =SUM(G21:N21) -> 106 | P21: =+F21+O21 -> 819
A22: 2011 | B22: 66 | C22: 86 | D22: 193 | E22: 209 | F22: =+B22+C22+D22+E22 -> 554 | G22: 0 | H22: 0 | I22: 0 | J22: 0 | K22: 28 | L22: 0 | M22: 0 | N22: 0 | O22: =SUM(G22:N22) -> 28 | P22: =+F22+O22 -> 582
A23: 2012 | B23: 0 | C23: 126 | D23: 391.5 | E23: 59.5 | F23: =+B23+C23+D23+E23 -> 577 | N23: 30 | O23: =SUM(G23:N23) -> 30 | P23: =+F23+O23 -> 607
A24: 2013 | B24: 6 | C24: 81.5 | D24: 116 | E24: 199 | F24: =+B24+C24+D24+E24 -> 402.5 | J24: 4 | K24: 15 | O24: =SUM(G24:N24) -> 19 | P24: =+F24+O24 -> 421.5
A25: 2014 | B25: 3 | C25: 92 | D25: 429 | E25: 110 | F25: =+B25+C25+D25+E25 -> 634 | J25: 3 | K25: 3 | L25: 6 | M25: 13 | N25: 17 | O25: =SUM(G25:N25) -> 42 | P25: =+F25+O25 -> 676
A26: 2015 | B26: 114 | C26: 186.5 | D26: 42 | E26: 8 | F26: =+B26+C26+D26+E26 -> 350.5 | J26: 15 | K26: 5 | L26: 42 | M26: 22 | O26: =SUM(G26:N26) -> 84 | P26: =+F26+O26 -> 434.5
A27: 2016 | B27: 63 | C27: 99 | D27: 420.5 | E27: 25 | F27: =+B27+C27+D27+E27 -> 607.5 | G27: 58 | L27: 2 | O27: =SUM(G27:N27) -> 60 | P27: =+F27+O27 -> 667.5
A28: Average(2007-2016) | F28: =AVERAGE(F18:F27) -> 464.65 | O28: =AVERAGE(O18:O27) -> 44.2 | P28: =AVERAGE(P18:P27) -> 508.85

Sheet NormalRF
A2: TABLE - XI : SHOWING MONSOON & NON-MONSOON RAINFALL (2012-16)
M3: Unit : mm
A4: S. No. | B4: BLOCKS | C4: 2012 | E4: 2013 | G4: 2014 | I4: 2015 | K4: 2016 | M4: Normal Non-Monsoon rainfall | N4: Normal Annual rainfall
C5: Normal Monsoon Rainfall | D5: Monsoon Rainfall | E5: Normal Monsoon Rainfall | F5: Monsoon Rainfall | G5: Normal Monsoon Rainfall | H5: Monsoon Rainfall | I5: Normal Monsoon Rainfall | J5: Monsoon Rainfall | K5: Normal Monsoon Rainfall | L5: Monsoon Rainfall
A6: 1 | B6: PISANGAN | C6: 393.02 | D6: ='MonthlyRF n'!F23 -> 577 | E6: 393.5 | F6: ='MonthlyRF n'!F24 -> 402.5 | G6: 398.93 | H6: =I5 -> Normal Monsoon Rainfall | I6: 399.03 | J6: ='MonthlyRF n'!F26 -> 350.5 | K6: 403.47 | L6: ='MonthlyRF n'!F27 -> 607.5 | M6: 40.58 | N6: =SUM(K6,M6) -> 444.05
A8: Note: Rain Fall data available from 1957

Sheet Longterm
A2: PEESANGAN | E2: Zone-Ao
A3: YEAR | B3: ANNUAL | C3: MONSOON | D3: PRE | E3: POST
A4: 2007 | B4: ='MonthlyRF n'!P18 -> 393 | C4: ='MonthlyRF n'!F18 -> 377 | D4: ='WaterLevel trend'!G12 -> 18.69125 | E4: ='WaterLevel trend'!R12 -> 17.2625
A5: 2008 | B5: ='MonthlyRF n'!P19 -> 361 | C5: ='MonthlyRF n'!F19 -> 308 | D5: ='WaterLevel trend'!H12 -> 24.45625 | E5: ='WaterLevel trend'!S12 -> 22.0675
A6: 2009 | B6: ='MonthlyRF n'!P20 -> 127 | C6: ='MonthlyRF n'!F20 -> 123 | D6: ='WaterLevel trend'!I12 -> 26.11625 | E6: ='WaterLevel trend'!T12 -> 26.9525
A7: 2010 | B7: ='MonthlyRF n'!P21 -> 819 | C7: ='MonthlyRF n'!F21 -> 713 | D7: ='WaterLevel trend'!J12 -> 27.2475 | E7: ='WaterLevel trend'!U12 -> 24.97375
A8: 2011 | B8: ='MonthlyRF n'!P22 -> 582 | C8: ='MonthlyRF n'!F22 -> 554 | D8: ='WaterLevel trend'!K12 -> 25.24375 | E8: ='WaterLevel trend'!V12 -> 22.11
A9: 2012 | B9: ='MonthlyRF n'!P23 -> 607 | C9: ='MonthlyRF n'!F23 -> 577 | D9: ='WaterLevel trend'!L12 -> 24.76625 | E9: ='WaterLevel trend'!W12 -> 21.9475
A10: 2013 | B10: ='MonthlyRF n'!P24 -> 421.5 | C10: ='MonthlyRF n'!F24 -> 402.5 | D10: ='WaterLevel trend'!M12 -> 23.80625 | E10: ='WaterLevel trend'!X12 -> 23.65125
A11: 2014 | B11: ='MonthlyRF n'!P25 -> 676 | C11: ='MonthlyRF n'!F25 -> 634 | D11: ='WaterLevel trend'!N12 -> 24.77 | E11: ='WaterLevel trend'!Y12 -> 23.11875
A12: 2015 | B12: ='MonthlyRF n'!P26 -> 434.5 | C12: ='MonthlyRF n'!F26 -> 350.5 | D12: ='WaterLevel trend'!O12 -> 25.53375 | E12: ='WaterLevel trend'!Z12 -> 24.2675
A13: 2016 | B13: ='MonthlyRF n'!P27 -> 667.5 | C13: ='MonthlyRF n'!F27 -> 607.5 | D13: ='WaterLevel trend'!P12 -> 26.20625 | E13: ='WaterLevel trend'!AA12 -> 24.71375

Sheet Trend 
A1: COMPUTATION FOR TREND OF WATER LEVELS FOR THE PERIOD 2007-2016 IN PEESANGAN GW CLUSTER OF AJMER DISTRICT
A4: Year | B4: No | C4: Average Pre-Mon. W.L. (m) | D4: Average Post-mon. W.L. (m.) | H4: Value "a" for Pre-Mon. W.L. | I4: Value "a" for Post-mon. W.L.
B5: X1 | C5: Y1 | D5: Y2 | E5: X1^2 | F5: X1*Y1 | G5: X1*Y2 | H5: "a"- pre | I5: "a" -post
A6: BLOCK : PISANGAN | D6: ZONE-A
A7: =[2]Longterm!A4 -> 2007 | B7: 1 | C7: =Longterm!$D$4 -> 18.69125 | D7: =Longterm!$E$4 -> 17.2625 | E7: =B7*B7 -> 1 | F7: =B7*C7 -> 18.69125 | G7: =B7*D7 -> 17.2625
A8: =[2]Longterm!A5 -> 2008 | B8: 2 | C8: =Longterm!$D$5 -> 24.45625 | D8: =Longterm!$E$5 -> 22.0675 | E8: =B8*B8 -> 4 | F8: =B8*C8 -> 48.9125 | G8: =B8*D8 -> 44.135
A9: =[2]Longterm!A6 -> 2009 | B9: 3 | C9: =Longterm!$D$6 -> 26.11625 | D9: =Longterm!$E$6 -> 26.9525 | E9: =B9*B9 -> 9 | F9: =B9*C9 -> 78.34875 | G9: =B9*D9 -> 80.8575
A10: =[2]Longterm!A7 -> 2010 | B10: 4 | C10: =Longterm!$D$7 -> 27.2475 | D10: =Longterm!$E$7 -> 24.97375 | E10: =B10*B10 -> 16 | F10: =B10*C10 -> 108.99 | G10: =B10*D10 -> 99.895
A11: =[2]Longterm!A8 -> 2011 | B11: 5 | C11: =Longterm!$D$8 -> 25.24375 | D11: =Longterm!$E$8 -> 22.11 | E11: =B11*B11 -> 25 | F11: =B11*C11 -> 126.21875 | G11: =B11*D11 -> 110.55
A12: =[2]Longterm!A9 -> 2012 | B12: 6 | C12: =Longterm!$D$9 -> 24.76625 | D12: =Longterm!$E$9 -> 21.9475 | E12: =B12*B12 -> 36 | F12: =B12*C12 -> 148.5975 | G12: =B12*D12 -> 131.685
A13: =[2]Longterm!A10 -> 2013 | B13: 7 | C13: =Longterm!$D$10 -> 23.80625 | D13: =Longterm!$E$10 -> 23.65125 | E13: =B13*B13 -> 49 | F13: =B13*C13 -> 166.64375 | G13: =B13*D13 -> 165.55875
A14: =[2]Longterm!A11 -> 2014 | B14: 8 | C14: =Longterm!$D$11 -> 24.77 | D14: =Longterm!$E$11 -> 23.11875 | E14: =B14*B14 -> 64 | F14: =B14*C14 -> 198.16 | G14: =B14*D14 -> 184.95
A15: =[2]Longterm!A12 -> 2015 | B15: 9 | C15: =Longterm!$D$12 -> 25.53375 | D15: =Longterm!$E$12 -> 24.2675 | E15: =B15*B15 -> 81 | F15: =B15*C15 -> 229.80375 | G15: =B15*D15 -> 218.4075
A16: =[2]Longterm!A13 -> 2016 | B16: 10 | C16: =Longterm!$D$13 -> 26.20625 | D16: =Longterm!$E$13 -> 24.71375 | E16: =B16*B16 -> 100 | F16: =B16*C16 -> 262.0625 | G16: =B16*D16 -> 247.1375 | H16: =IF(H17>0.2,"YES","NO") -> YES | I16: =IF(I17>0.2,"YES","NO") -> YES
B17: =SUM(B7:B16) -> 55 | C17: =SUM(C7:C16) -> 246.8375 | D17: =SUM(D7:D16) -> 231.065 | E17: =SUM(E7:E16) -> 385 | F17: =SUM(F7:F16) -> 1386.4288 | G17: =SUM(G7:G16) -> 1300.4388 | H17: =ROUND(((F17/B17)-(C17/10))/((E17/B17)-(B17/10)),2) -> 0.35 | I17: =ROUND(((G17/B17)-(D17/10))/((E17/B17)-(B17/10)),2) -> 0.36

Sheet Projected25
F1: TABLE-XI
A2: PROJECTED DEMAND OF WATER FOR DRINKING & INDUSTRIAL USE
A3: IN PEESANGAN GW CLUSTER AJMER DISTRICT (mcm)
A5: S.No. | B5: Block | C5: Potential Zone | D5: Projected Demand (mcm)
D6: 2013* | E6: 2016** | F6: 2025*** | G6: 2041
A8: 1 | B8: Peesangan | C8: Ao | D8: 4.99 | E8: ='Dom Draft IV'!J136 -> 6.356475 | F8: ='Projected Cal. '!E14 -> 7.4871 | G8: ='Projected Cal. '!E30 -> 10.0341
A10: Total | D10: =D8 -> 4.99 | E10: =E8 -> 6.356475 | F10: =F8 -> 7.4871 | G10: =G8 -> 10.0341
A12: Note: * - As per GROUND WATER POTENTIAL OF AJMER DISTRICT AS ON 31.03.2013 the Existing Gross G.W. Draft for Dom. & Ind. Use of Peesangan block (Alluvium Potential Zone (240.64 Sqm.)
A13: Note: ** - As per GROUND WATER POTENTIAL OF PEESANGAN GW CLUSTER OF AJMER DISTRICT AS ON JUNE 2017 the Existing Gross G.W. Draft for Dom. & Ind. Use of Peesangan block (Alluvium Potential Zone (318.25 Sqm.)
A14: Note: *** - As per Decadal Growth Rate (18.47%) of Ajmer District

Sheet Projected Cal. 
B1: CALCULATION FOR PROJECTED DEMAND OF WATER FOR DRINKING & INDUSTRIAL USE ON THE BASIS OF DGR
B3: DGR | C3: 0.1847
B4: S.No. | C4: Year | D4: Draft | E4: Projected Draft
B5: 1 | C5: 2016 | D5: 6.35
B6: 2 | C6: 2017 | D6: =E6 -> 6.4673 | E6: =ROUND(D5*1.01847,4) -> 6.4673
B7: 3 | C7: 2018 | D7: =E7 -> 6.5868 | E7: =ROUND(D6*1.01847,4) -> 6.5868
B8: 4 | C8: 2019 | D8: =E8 -> 6.7085 | E8: =ROUND(D7*1.01847,4) -> 6.7085
B9: 5 | C9: 2020 | D9: =E9 -> 6.8324 | E9: =ROUND(D8*1.01847,4) -> 6.8324
B10: 6 | C10: 2021 | D10: =E10 -> 6.9586 | E10: =ROUND(D9*1.01847,4) -> 6.9586
B11: 7 | C11: 2022 | D11: =E11 -> 7.0871 | E11: =ROUND(D10*1.01847,4) -> 7.0871
B12: 8 | C12: 2023 | D12: =E12 -> 7.218 | E12: =ROUND(D11*1.01847,4) -> 7.218
B13: 9 | C13: 2024 | D13: =E13 -> 7.3513 | E13: =ROUND(D12*1.01847,4) -> 7.3513
B14: 10 | C14: 2025 | D14: =E14 -> 7.4871 | E14: =ROUND(D13*1.01847,4) -> 7.4871
B15: 11 | C15: 2026 | D15: =E15 -> 7.6254 | E15: =ROUND(D14*1.01847,4) -> 7.6254
B16: 12 | C16: 2027 | D16: =E16 -> 7.7662 | E16: =ROUND(D15*1.01847,4) -> 7.7662
B17: 13 | C17: 2028 | D17: =E17 -> 7.9096 | E17: =ROUND(D16*1.01847,4) -> 7.9096
... B30: 26 | C30: 2041 | D30: =E30 -> 10.0341 | E30: =ROUND(D29*1.01847,4) -> 10.0341

Sheet Village
A1: Total area of villages included in Pisangan Ground Water Cluster
A2: S.No. | B2: Village | C2: Gram Panchayat | D2: Total Area (Sq.Km) | E2: Deduct Area (Sq.Km) | F2: Area falling in Aquifer Boundary (Sq.Km) | G2: Area falling in Aquifer Boundary (%)
A3: 1 | B3: Dantra | C3: DANTRA | D3: 12.1037 | E3: 0 | F3: 12.1037 | G3: =ROUND(F3/D3%,4) -> 100
A4: 2 | B4: Fatehpura | C4: RAMPURA DABLA | D4: 1.89545 | E4: 0 | F4: 1.89545 | G4: =ROUND(F4/D4%,4) -> 100
A5: 3 | B5: Hanwantpura | C5: BHATSOORI | D5: 1.41273 | E5: 0 | F5: 1.41273 | G5: =ROUND(F5/D5%,4) -> 100
A6: 4 | B6: Jaswantpura | C6: GOVINDGARH | D6: 15.707 | E6: 0 | F6: 15.707 | G6: =ROUND(F6/D6%,4) -> 100
A7: 5 | B7: Rampura Dabla | C7: RAMPURA DABLA | D7: 10.6732 | E7: 0 | F7: 10.6732 | G7: =ROUND(F7/D7%,4) -> 100
A8: 6 | B8: Bhagwanpura | C8: BHAGWANPURA | D8: 9.8885403 | E8: 0.32651997 | F8: 9.5620203 | G8: =ROUND(F8/D8%,4) -> 96.698
A9: 7 | B9: Leswa | C9: NAND | D9: 13.7482 | E9: 0.38619995 | F9: 13.362 | G9: =ROUND(F9/D9%,4) -> 97.1909
A10: 8 | B10: Lyali Khera | C10: DANTRA | D10: 7.0615401 | E10: 2.3901601 | F10: 4.67138 | G10: =ROUND(F10/D10%,4) -> 66.1524
A11: 9 | B11: Rampura Nand | C11: NAND | D11: 3.72733 | E11: 0.20908999 | F11: 3.51824 | G11: =ROUND(F11/D11%,4) -> 94.3904
A12: 10 | B12: Sethan | C12: RAMPURA DABLA | D12: 8.3984203 | E12: 0.093990326 | F12: 8.30443 | G12: =ROUND(F12/D12%,4) -> 98.8809
A13: 11 | B13: Amba Maseena | C13: DOOMARA | D13: 12.7545 | E13: 7.0449405 | F13: 5.7095599 | G13: =ROUND(F13/D13%,4) -> 44.7651
A14: 12 | B14: Banseli | C14: DEO NAGAR | D14: 5.0411501 | E14: 0.93150997 | F14: 4.1096401 | G14: =ROUND(F14/D14%,4) -> 81.5219
... A42: 40 | B42: Sawaipura | C42: BHAGWANPURA | D42: 3.92978 | E42: 3.31393 | F42: 0.61584997 | G42: =ROUND(F42/D42%,4) -> 15.6714
A43: 41 | B43: Surajkund, | C43: BHAGWANPURA | D43: 9.7 | E43: 3.6880703 | F43: =D43-E43 -> 6.0119297 | G43: =ROUND(F43/D43%,4) -> 61.9787
A44: 42 | B44: Motisar | C44: BHAGWANPURA | D44: 5.61 | E44: 2.3 | F44: =D44-E44 -> 3.31 | G44: =ROUND(F44/D44%,4) -> 59.0018
A45: 43 | B45: Tilora | C45: TILORA | D45: 11.985 | E45: 7.4626298 | F45: 4.5223699 | G45: =ROUND(F45/D45%,4) -> 37.7336
A46: 44 | B46: Miyapur | C46: Miyapur | D46: =E46+F46 -> 7.83093 | E46: 5.8 | F46: 2.03093 | G46: =ROUND(F46/D46%,4) -> 25.9347
A47: Total | D47: =SUM(D3:D46) -> 494.72415 | E47: =SUM(E3:E46) -> 176.47454 | F47: =SUM(F3:F46) -> 318.24961

Sheet Crop Water
A1: Crop Water Requirement as per year 2015-16 data
A2: S. No. | B2: Block | C2: Crops | D2: Area Sown (Sqm.) | E2: Crop water demand (in m) | F2: Water Potential required (MCM )
A3: 1 | B3: Pisangan GW Cluster area | C3: Kharif
C4: Maize | D4: 0.6278 | E4: 0.03 | F4: =D4*E4 -> 0.018834 | H4: =D4*E4 -> 0.018834
C5: Jawar | D5: 46.7711 | E5: 0.03 | F5: =D5*E5 -> 1.403133
C6: Bajara | D6: 46.9171 | E6: 0.02 | F6: =D6*E6 -> 0.938342
C7: Moong | D7: 25.3018 | E7: 0.04 | F7: =D7*E7 -> 1.012072
C8: Ground Nut | D8: 7.8256 | E8: 0.06 | F8: =D8*E8 -> 0.469536
C9: Cotton | D9: 0.3723 | E9: 0.05 | F9: =D9*E9 -> 0.018615
C10: Guar | D10: 36.1131 | E10: 0.02 | F10: 1.805655
C11: Total Kharif Crop Water Requirement | F11: =SUM(F4:F10) -> 5.666187
C12: Rabi
C13: Wheat | D13: 29.8643 | E13: 0.8 | F13: =D13*E13 -> 23.89144
C14: Barley | D14: 37.7629 | E14: 0.4 | F14: =D14*E14 -> 15.10516
C15: Gram | D15: 1.1 | E15: 0.8 | F15: =D15*E15 -> 0.88
C16: Mustred | D16: 5.81445 | E16: 0.5 | F16: =D16*E16 -> 2.907225
C17: Cumin | D17: 6.61745 | E17: 0.5 | F17: =D17*E17 -> 3.308725
C18: Tarameera | D18: 1.9637 | E18: 0.3 | F18: =D18*E18 -> 0.58911
C19: Total Rabi Crop Water Requirement | F19: =SUM(F13:F18) -> 46.68166
C20: Zaid
C21: Fruit | D21: 0.57635819 | E21: 0.3 | F21: 0.17290746
C22: Vegetable | D22: 2.1399482 | E22: 0.3 | F22: 0.64198445
C23: Flowers | D23: 1.1491675 | E23: 0.3 | F23: 0.34475026
C24: Total Rabi Crop Water Requirement | F24: =SUM(F21:F23) -> 1.1596422
C25: Total Crop Water Requirement of Peesangan GW Cluster area | F25: =F24+F19+F11 -> 53.507489
A26: Source- AGRICULTURE DEPARTMENT, AJMER (RAJASTHAN) -2015-16 & PMKSY District Action Plan Ajmer

Sheet APP 2015-16
A1: Cropped Area, Production and Productivity of cluster 2015-16 | Q1: Cropped Area, Production and Productivity of cluster 2015-16 | AF1: Cropped Area, Production and Productivity of cluster 2015-16
A2: S. No. | B2: Crops | C2: Items | D2: Sethan | E2: Rampura Dabla | F2: Fatehpura | G2: Pisangan | H2: Saradhana | I2: Dumada | J2: Amba Masina | K2: Khori | L2: Kanvlai | M2: Hanwantpura | N2: Nand | O2: Lesva | P2: Rampura | Q2: Kishanpura | R2: Tilora | S2: Ganaheda | T2: Chavandia | U2: Pushkar | V2: Kadel | W2: Dungria Khurd | X2: Majhewla | Y2: Rewat | Z2: Gudha | AA2: Devnagar | AB2: Banseli | AC2: Govindgarh | AD2: Jaswantpura | AE2: Nad | AF2: Miyapur | AG2: Bhagwanpura | AH2: Sawaipura | AI2: Motisar | AJ2: Surajkund | AK2: Picholiya | AL2: Lyali Khera | AM2: Dantra | AN2: Bhanwta | AO2: Dodiyana | AP2: Budhwara | AQ2: Nooriyawas | AR2: Nathoothala | AS2: Kalesara | AT2: Sarsadi | AU2: Total
D3: 1 | E3: 2 | F3: 3 | G3: 4 | H3: 5 | I3: 6 | J3: 7 | K3: 8 | L3: 9 | M3: 10 | N3: 11 | O3: 12 | P3: 13 | Q3: 14 | R3: 15 | S3: 16 | T3: 17 | U3: 18 | V3: 19 | W3: 20 | X3: 21 | Y3: 22 | Z3: 23 | AA3: 24 | AB3: 25 | AC3: 26 | AD3: 27 | AE3: 28 | AF3: 29 | AG3: 30 | AH3: 31 | AI3: 32 | AJ3: 33 | AK3: 34 | AL3: 35 | AM3: 36 | AN3: 37 | AO3: 38 | AP3: 39 | AQ3: 40 | AR3: 41 | AS3: 42 | AT3: 43
A4: A. | B4: Kharif
A5: 1 | B5: Ist Crop Jowar | C5: Area (ha) | D5: 383.11812 | E5: 301.623 | F5: 176.421 | G5: 940.24426 | H5: 370.4841 | I5: 42.6825 | J5: 16.90227 | K5: 7.386918 | L5: 9.33324 | M5: 1.1382 | N5: 4.60971 | O5: 51.890538 | P5: 8.559264 | Q5: 0 | R5: 16.003092 | S5: 2.321928 | T5: 8.604792 | U5: 7.102368 | V5: 2.003232 | W5: 0 | X5: 0.443898 | Y5: 0 | Z5: 0 | AA5: 1.912176 | AB5: 10.266564 | AC5: 238.22526 | AD5: 31.8696 | AE5: 46.848312 | AF5: 1.02438 | AG5: 0 | AH5: 0 | AI5: 0 | AJ5: 0 | AK5: 113.82 | AL5: 67.60908 | AM5: 418.8576 | AN5: 55.48725 | AO5: 55.31652 | AP5: 338.72832 | AQ5: 117.91752 | AR5: 25.614 | AS5: 633.86112 | AT5: 168.36936 | AU5: 4676.5995
C6: Production (Tons) | D6: 134.64 | E6: 106 | F6: 62 | G6: 330.432 | H6: 130.2 | I6: 13.125 | J6: 5.4945 | K6: 5.0622 | L6: 9.84 | M6: 0.95 | N6: 8.1 | O6: 45.59 | P6: 7.52 | Q6: 0 | R6: 14.06 | S6: 2.142 | T6: 8.316 | U6: 6.864 | V6: 1.232 | W6: 0 | X6: 0.351 | Y6: 0 | Z6: 0 | AA6: 1.68 | AB6: 9.02 | AC6: 251.16 | AD6: 28 | AE6: 37.044 | AF6: 0.72 | AG6: 0 | AH6: 0 | AI6: 0 | AJ6: 0 | AK6: 69.5 | AL6: 43.2432 | AM6: 145.36 | AN6: 33.345 | AO6: 33.048 | AP6: 206.832 | AQ6: 73.556 | AR6: 8.8875 | AS6: 219.936 | AT6: 58.4205 | AU6: 2111.6709
C7: Productivity (kg/ha) | D7: 400 | E7: 400 | F7: 400 | G7: 400 | H7: 400 | I7: 350 | J7: 370 | K7: 780 | L7: 1200 | M7: 950 | N7: 2000 | O7: 1000 | P7: 1000 | Q7: 0 | R7: 1000 | S7: 1050 | T7: 1100 | U7: 1100 | V7: 700 | W7: 0 | X7: 900 | Y7: 0 | Z7: 0 | AA7: 1000 | AB7: 1000 | AC7: 1200 | AD7: 1000 | AE7: 900 | AF7: 800 | AG7: 0 | AH7: 0 | AI7: 0 | AJ7: 0 | AK7: 695 | AL7: 728 | AM7: 395 | AN7: 684 | AO7: 680 | AP7: 695 | AQ7: 710 | AR7: 395 | AS7: 395 | AT7: 395 | AU7: 27172
A8: 2 | B8: 2nd Crop Bajra | C8: Area (ha) | D8: 35.05194 | E8: 67.0185 | F8: 18.9675 | G8: 153.56088 | H8: 250.8768 | I8: 41.7285 | J8: 29.020275 | K8: 146.22678 | L8: 80.87742 | M8: 130.2435 | N8: 366.67971 | O8: 377.78202 | P8: 82.01547 | Q8: 87.78159 | R8: 75.92058 | S8: 196.90794 | T8: 158.26482 | U8: 71.67186 | V8: 53.69067 | W8: 55.8909 | X8: 34.027695 | Y8: 55.76445 | Z8: 21.04128 | AA8: 85.68252 | AB8: 77.76675 | AC8: 257.97065 | AD8: 233.9325 | AE8: 172.07316 | AF8: 5.879925 | AG8: 153.32063 | AH8: 3.23712 | AI8: 1.69443 | AJ8: 12.708225 | AK8: 343.944 | AL8: 45.06678 | AM8: 121.392 | AN8: 104.32125 | AO8: 122.9094 | AP8: 139.6008 | AQ8: 79.53705 | AR8: 22.761 | AS8: 78.9048 | AT8: 38.504025 | AU8: 4692.2181
C9: Production (Tons) | D9: 13.91544 | E9: 26.606 | F9: 7.53 | G9: 60.96288 | H9: 99.5968 | I9: 14.85 | J9: 10.098 | K9: 254.408 | L9: 140.712 | M9: 257.5 | N9: 579.96 | O9: 657.272 | P9: 149.178 | Q9: 173.55 | R9: 144.096 | S9: 373.728 | T9: 312.9 | U9: 130.364 | V9: 101.904 | W9: 97.24 | X9: 64.584 | Y9: 92.61 | Z9: 38.272 | AA9: 155.848 | AB9: 135.3 | AC9: 408.02 | AD9: 425.5 | AE9: 299.376 | AF9: 11.16 | AG9: 278.875 | AH9: 5.632 | AI9: 2.948 | AJ9: 22.11 | AK9: 341.36 | AL9: 42.768 | AM9: 115.968 | AN9: 95.865 | AO9: 112.752 | AP9: 129.168 | AQ9: 78.9395 | AR9: 22.5 | AS9: 78.936 | AT9: 38.51925 | AU9: 6603.3819
C10: Productivity (kg/ha) | D10: 502 | E10: 502 | F10: 502 | G10: 502 | H10: 502 | I10: 450 | J10: 440 | K10: 2200 | L10: 2200 | M10: 2500 | N10: 2000 | O10: 2200 | P10: 2300 | Q10: 2500 | R10: 2400 | S10: 2400 | T10: 2500 | U10: 2300 | V10: 2400 | W10: 2200 | X10: 2400 | Y10: 2100 | Z10: 2300 | AA10: 2300 | AB10: 2200 | AC10: 2000 | AD10: 2300 | AE10: 2200 | AF10: 2400 | AG10: 2300 | AH10: 2200 | AI10: 2200 | AJ10: 2200 | AK10: 1255 | AL10: 1200 | AM10: 1208 | AN10: 1162 | AO10: 1160 | AP10: 1170 | AQ10: 1255 | AR10: 1250 | AS10: 1265 | AT10: 1265 | AU10: 74790
A11: 3 | B11: 3rd Crop Moong | C11: Area (ha) | D11: 226.63278 | E11: 150.8192 | F11: 121.194 | G11: 140.90822 | H11: 37.57014 | I11: 10.0995 | J11: 16.96716 | K11: 48.464134 | L11: 25.396876 | M11: 0 | N11: 26.177904 | O11: 314.79468 | P11: 31.6451 | Q11: 0 | R11: 11.257576 | S11: 0 | T11: 6.786864 | U11: 0 | V11: 37.624004 | W11: 50.36284 | X11: 18.38109 | Y11: 47.508048 | Z11: 23.269248 | AA11: 8.295056 | AB11: 1.104212 | AC11: 404.49171 | AD11: 75.4096 | AE11: 54.294912 | AF11: 1.27927 | AG11: 27.430242 | AH11: 0 | AI11: 0 | AJ11: 0 | AK11: 88.33696 | AL11: 15.108852 | AM11: 78.1028 | AN11: 14.1393 | AO11: 8.725968 | AP11: 245.61984 | AQ11: 59.78904 | AR11: 3.63582 | AS11: 45.24576 | AT11: 52.71939 | AU11: 2529.5881
C12: Production (Tons) | D12: 84.15 | E12: 56 | F12: 45 | G12: 52.32 | H12: 13.95 | I12: 3.75 | J12: 6.3 | K12: 30.2316 | L12: 11.316 | M12: 0 | N12: 19.44 | O12: 280.524 | P12: 23.5 | Q12: 0 | R12: 8.36 | S12: 0 | T12: 3.78 | U12: 0 | V12: 16.764 | W12: 22.44 | X12: 10.2375 | Y12: 28.224 | Z12: 12.096 | AA12: 6.776 | AB12: 0.902 | AC12: 330.418 | AD12: 50.4 | AE12: 36.288 | AF12: 0.95 | AG12: 18.333 | AH12: 0 | AI12: 0 | AJ12: 0 | AK12: 31.816 | AL12: 5.4417 | AM12: 28.71 | AN12: 4.7565 | AO12: 2.916 | AP12: 84.816 | AQ12: 19.8024 | AR12: 1.296 | AS12: 16.632 | AT12: 19.8099 | AU12: 1388.4466
C13: Productivity (kg/ha) | D13: 500 | E13: 500 | F13: 500 | G13: 500 | H13: 500 | I13: 500 | J13: 500 | K13: 840 | L13: 600 | N13: 1000 | O13: 1200 | P13: 1000 | Q13: 0 | R13: 1000 | S13: 0 | T13: 750 | U13: 0 | V13: 600 | W13: 600 | X13: 750 | Y13: 800 | Z13: 700 | AA13: 1100 | AB13: 1100 | AC13: 1100 | AD13: 900 | AE13: 900 | AF13: 1000 | AG13: 900 | AH13: 0 | AI13: 0 | AJ13: 0 | AK13: 485 | AL13: 485 | AM13: 495 | AN13: 453 | AO13: 450 | AP13: 465 | AQ13: 446 | AR13: 480 | AS13: 495 | AT13: 506 | AU13: 25100
A14: 4 | B14: 4th Crop Guar | C14: Area (ha) | D14: 8.65656 | E14: 264.506 | F14: 10.93 | G14: 122.76576 | H14: 88.0958 | I14: 14.7555 | J14: 29.01915 | K14: 4.51409 | L14: 32.26536 | M14: 22.953 | N14: 331.99875 | O14: 191.89801 | P14: 73.97424 | Q14: 23.87112 | R14: 26.16642 | S14: 31.95932 | T14: 106.50192 | U14: 0 | V14: 9.13748 | W14: 4.45944 | X14: 7.67286 | Y14: 7.80402 | Z14: 2.44832 | AA14: 11.62952 | AB14: 19.71772 | AC14: 244.85386 | AD14: 177.066 | AE14: 65.18652 | AF14: 3.3883 | AG14: 153.73045 | AH14: 7.17008 | AI14: 24.16623 | AJ14: 58.5848 | AK14: 122.416 | AL14: 61.3173 | AM14: 207.67 | AN14: 32.79 | AO14: 39.83985 | AP14: 372.4944 | AQ14: 117.2789 | AR14: 14.7555 | AS14: 346.2624 | AT14: 114.1092 | AU14: 3610.7802
C15: Production (Tons) | D15: 3.96 | E15: 121 | F15: 5 | G15: 56.16 | H15: 40.3 | I15: 6.48 | J15: 12.61125 | K15: 3.717 | L15: 28.044 | M15: 20.16 | N15: 303.75 | O15: 175.57 | P15: 67.68 | Q15: 19.656 | R15: 23.94 | S15: 27.778 | T15: 77.952 | U15: 0 | V15: 5.016 | W15: 2.448 | X15: 5.265 | Y15: 4.998 | Z15: 1.568 | AA15: 10.108 | AB15: 20.746 | AC15: 201.618 | AD15: 145.8 | AE15: 47.712 | AF15: 2.945 | AG15: 140.65 | AH15: 6.232 | AI15: 22.11 | AJ15: 48.24 | AK15: 62.16 | AL15: 33.099 | AM15: 107.35 | AN15: 16.56 | AO15: 20.0475 | AP15: 187.44 | AQ15: 54.723 | AR15: 7.3575 | AS15: 124.5024 | AT15: 60.03 | AU15: 2332.4836
C16: Productivity (kg/ha) | D16: 500 | E16: 500 | F16: 500 | G16: 500 | H16: 500 | I16: 480 | J16: 475 | K16: 900 | L16: 950 | M16: 960 | N16: 1000 | O16: 1000 | P16: 1000 | Q16: 900 | R16: 1000 | S16: 950 | T16: 800 | U16: 0 | V16: 600 | W16: 600 | X16: 750 | Y16: 700 | Z16: 700 | AA16: 950 | AB16: 1150 | AC16: 900 | AD16: 900 | AE16: 800 | AF16: 950 | AG16: 1000 | AH16: 950 | AI16: 1000 | AJ16: 900 | AK16: 555 | AL16: 590 | AM16: 565 | AN16: 552 | AO16: 550 | AP16: 550 | AQ16: 510 | AR16: 545 | AS16: 393 | AT16: 575 | AU16: 31150
A17: 5 | B17: 5th Crop Maize | C17: Area (ha) | D17: 0 | E17: 1.48 | F17: 0 | G17: 5.6832 | H17: 18.352 | I17: 5.55 | J17: 7.992 | K17: 0 | L17: 0 | M17: 0 | N17: 0 | O17: 0 | P17: 0 | Q17: 0 | R17: 0 | S17: 0 | T17: 0 | U17: 0 | V17: 0 | W17: 0 | X17: 0 | Y17: 0 | Z17: 0 | AA17: 0 | AB17: 0 | AC17: 0 | AD17: 0 | AE17: 0 | AF17: 0 | AG17: 0 | AH17: 0 | AI17: 0 | AJ17: 0 | AK17: 2.368 | AL17: 0.9768 | AM17: 1.48 | AN17: 4.44 | AO17: 2.3976 | AP17: 2.8416 | AQ17: 0 | AR17: 2.664 | AS17: 4.2624 | AT17: 2.5752 | AU17: 63.0628
C18: Production (Tons) | D18: 0 | E18: 0.508 | F18: 0 | G18: 1.95072 | H18: 6.262 | I18: 1.875 | J18: 2.646 | K18: 0 | L18: 0 | M18: 0 | N18: 0 | O18: 0 | P18: 0 | Q18: 0 | R18: 0 | S18: 0 | T18: 0 | U18: 0 | V18: 0 | W18: 0 | X18: 0 | Y18: 0 | Z18: 0 | AA18: 0 | AB18: 0 | AC18: 0 | AD18: 0 | AE18: 0 | AF18: 0 | AG18: 0 | AH18: 0 | AI18: 0 | AJ18: 0 | AK18: 3.032 | AL18: 1.2474 | AM18: 1.83 | AN18: 5.694 | AO18: 3.06828 | AP18: 3.6384 | AQ18: 0 | AR18: 3.294 | AS18: 5.2848 | AT18: 3.2364 | AU18: 43.567
C19: Productivity (kg/ha) | D19: 0 | E19: 508 | F19: 0 | G19: 508 | H19: 505 | I19: 500 | J19: 490 | K19: 0 | L19: 0 | N19: 0 | O19: 0 | P19: 0 | Q19: 0 | R19: 0 | S19: 0 | T19: 0 | U19: 0 | V19: 0 | W19: 0 | X19: 0 | Y19: 0 | Z19: 0 | AA19: 0 | AB19: 0 | AC19: 0 | AE19: 0 | AF19: 0 | AG19: 0 | AH19: 0 | AI19: 0 | AJ19: 0 | AK19: 1895 | AL19: 1890 | AM19: 1830 | AN19: 1898 | AO19: 1894 | AP19: 1895 | AQ19: 0 | AR19: 1830 | AS19: 1835 | AT19: 1860 | AU19: 19338
A20: 6 | B20: 6th Crop Ground Nut | C20: Area (ha) | D20: 0 | E20: 0 | F20: 0 | G20: 0 | H20: 0 | I20: 0 | J20: 0 | K20: 4.016838 | L20: 0 | M20: 0 | N20: 220.58568 | O20: 4.402636 | P20: 76.796496 | Q20: 63.724752 | R20: 14.229138 | S20: 3.85798 | T20: 2.859444 | U20: 20.356518 | V20: 1.997072 | W20: 2.314788 | X20: 0 | Y20: 0 | Z20: 0 | AA20: 3.812592 | AB20: 0.930454 | AC20: 25.054176 | AD20: 19.2899 | AE20: 2.859444 | AF20: 0.283675 | AG20: 70.442176 | AH20: 10.711568 | AI20: 75.264651 | AJ20: 159.65229 | AK20: 0 | AL20: 0 | AM20: 0 | AN20: 0 | AO20: 0 | AP20: 0 | AQ20: 0 | AR20: 0 | AS20: 0 | AT20: 0 | AU20: 783.44227
C21: Production (Tons) | D21: 0 | E21: 0 | F21: 0 | G21: 0 | H21: 0 | I21: 0 | J21: 0 | K21: 6.372 | L21: 0 | M21: 0 | N21: 388.8 | O21: 5.82 | P21: 108.288 | Q21: 95.472 | R21: 23.826 | S21: 6.12 | T21: 4.536 | U21: 32.292 | V21: 2.992 | W21: 3.06 | X21: 0 | Y21: 0 | Z21: 0 | AA21: 6.72 | AB21: 1.476 | AC21: 39.744 | AD21: 23.8 | AE21: 4.284 | AF21: 0.375 | AG21: 93.12 | AH21: 16.048 | AI21: 99.495 | AJ21: 225.12 | AK21: 0 | AL21: 0 | AM21: 0 | AN21: 0 | AO21: 0 | AP21: 0 | AQ21: 0 | AR21: 0 | AS21: 0 | AT21: 0 | AU21: 1187.76
C22: Productivity (kg/ha) | D22: 0 | G22: 0 | H22: 0 | I22: 0 | J22: 0 | K22: 1800 | L22: 0 | N22: 2000 | O22: 1500 | P22: 1600 | Q22: 1700 | R22: 1900 | S22: 1800 | T22: 1800 | U22: 1800 | V22: 1700 | W22: 1500 | X22: 0 | Y22: 0 | Z22: 0 | AA22: 2000 | AB22: 1800 | AC22: 1800 | AD22: 1400 | AE22: 1700 | AF22: 1500 | AG22: 1500 | AH22: 1700 | AI22: 1500 | AJ22: 1600 | AK22: 0 | AL22: 0 | AN22: 0 | AO22: 0 | AP22: 0 | AQ22: 0 | AR22: 0 | AS22: 0 | AT22: 0 | AU22: 35600
A23: 7 | B23: 7th Crop Cotton | C23: Area (ha) | D23: 0 | E23: 0 | F23: 0 | G23: 0 | H23: 0 | I23: 0 | J23: 0 | K23: 0 | L23: 0 | M23: 0 | N23: 0 | O23: 0 | P23: 0 | Q23: 0 | R23: 0 | S23: 0 | T23: 0 | U23: 0 | V23: 0 | W23: 0 | X23: 0 | Y23: 0 | Z23: 0 | AA23: 0 | AB23: 0 | AC23: 0 | AD23: 0 | AE23: 0 | AF23: 1.728 | AG23: 29.7984 | AH23: 5.8368 | AI23: 0 | AJ23: 0 | AK23: 0 | AL23: 0 | AM23: 0 | AN23: 0 | AO23: 0 | AP23: 0 | AQ23: 0 | AR23: 0 | AS23: 0 | AT23: 0 | AU23: 37.3632
C24: Production (Tons) | D24: 0 | E24: 0 | F24: 0 | G24: 0 | H24: 0 | I24: 0 | J24: 0 | K24: 0 | L24: 0 | M24: 0 | N24: 0 | O24: 0 | P24: 0 | Q24: 0 | R24: 0 | S24: 0 | T24: 0 | U24: 0 | V24: 0 | W24: 0 | X24: 0 | Y24: 0 | Z24: 0 | AA24: 0 | AB24: 0 | AC24: 0 | AD24: 0 | AE24: 0 | AF24: 1.98 | AG24: 34.144 | AH24: 6.688 | AI24: 0 | AJ24: 0 | AK24: 0 | AL24: 0 | AM24: 0 | AN24: 0 | AO24: 0 | AP24: 0 | AQ24: 0 | AR24: 0 | AS24: 0 | AT24: 0 | AU24: 42.812
C25: Productivity (kg/ha) | D25: 0 | G25: 0 | H25: 0 | I25: 0 | J25: 0 | K25: 0 | L25: 0 | N25: 0 | O25: 0 | P25: 0 | Q25: 0 | R25: 0 | S25: 0 | T25: 0 | U25: 0 | V25: 0 | W25: 0 | X25: 0 | Y25: 0 | Z25: 0 | AA25: 0 | AB25: 0 | AC25: 0 | AE25: 0 | AF25: 2200 | AG25: 2200 | AH25: 2200 | AI25: 0 | AJ25: 0 | AK25: 0 | AL25: 0 | AN25: 0 | AO25: 0 | AP25: 0 | AQ25: 0 | AR25: 0 | AS25: 0 | AT25: 0 | AU25: 6600
A26: B. | B26: Rabi
A27: 1 | B27: Ist Crop Wheat | C27: Area (ha) | D27: 18.374449 | E27: 34.800093 | F27: 4.6400124 | G27: 97.44026 | H27: 172.60846 | I27: 28.014075 | J27: 34.452092 | K27: 17.110046 | L27: 11.890032 | M27: 90.480242 | N27: 97.718661 | O27: 58.510556 | P27: 15.265641 | Q27: 44.335318 | R27: 18.513649 | S27: 27.608074 | T27: 28.257676 | U27: 8.4448226 | V27: 10.208027 | W27: 7.8880211 | X27: 9.0480242 | Y27: 14.616039 | Z27: 3.7120099 | AA27: 37.027299 | AB27: 12.365633 | AC27: 81.107417 | AD27: 59.160158 | AE27: 34.104091 | AF27: 0.92800248 | AG27: 106.89429 | AH27: 16.704045 | AI27: 61.398964 | AJ27: 124.35233 | AK27: 222.7206 | AL27: 99.528266 | AM27: 179.80048 | AN27: 220.98059 | AO27: 48.859331 | AP27: 267.26471 | AQ27: 231.76862 | AR27: 67.860181 | AS27: 209.35736 | AT27: 49.450932 | AU27: 2985.5696
C28: Production (Tons) | D28: 31.68 | E28: 60 | F28: 8 | G28: 168 | H28: 267.84 | I28: 43.47 | J28: 53.46 | K28: 59 | L28: 37.925 | M28: 300.3 | N28: 320.112 | O28: 186.628 | P28: 50.008 | Q28: 137.592 | R28: 60.648 | S28: 92.82 | T28: 97.44 | U28: 28.392 | V28: 35.2 | W28: 25.84 | X28: 30.42 | Y28: 49.14 | Z28: 12.8 | AA28: 127.68 | AB28: 41.574 | AC28: 258.704 | AD28: 178.5 | AE28: 14.406 | AF28: 2.8 | AG28: 322.525 | AH28: 54.72 | AI28: 201.134 | AJ28: 385.92 | AK28: 602.88 | AL28: 252.252 | AM28: 442.215 | AN28: 666.75 | AO28: 119.8314 | AP28: 724.608 | AQ28: 625.374 | AR28: 167.0175 | AS28: 530.6112 | AT28: 128.52945 | AU28: 8004.7466
C29: Productivity (kg/ha) | D29: 2000 | E29: 2000 | F29: 2000 | G29: 2000 | H29: 1800 | I29: 1800 | J29: 1800 | K29: 4000 | L29: 3700 | M29: 3850 | N29: 3800 | O29: 3700 | P29: 3800 | Q29: 3600 | R29: 3800 | S29: 3900 | T29: 4000 | U29: 3900 | V29: 4000 | W29: 3800 | X29: 3900 | Y29: 3900 | Z29: 4000 | AA29: 4000 | AB29: 3900 | AC29: 3700 | AD29: 3500 | AE29: 490 | AF29: 3500 | AG29: 3500 | AH29: 3800 | AI29: 3800 | AJ29: 3600 | AK29: 3140 | AL29: 2940 | AM29: 2853 | AN29: 3500 | AO29: 2845 | AP29: 3145 | AQ29: 3130 | AR29: 2855 | AS29: 2940 | AT29: 3015 | AU29: 139203
A30: 2 | B30: 2nd Crop Barley | C30: Area (ha) | D30: 13.104906 | E30: 59.567756 | F30: 0 | G30: 71.481308 | H30: 389.83787 | I30: 59.071358 | J30: 65.524532 | K30: 5.857496 | L30: 20.352317 | M30: 39.711838 | N30: 18.763843 | O30: 60.990764 | P30: 83.990537 | Q30: 15.487617 | R30: 17.605581 | S30: 13.502025 | T30: 13.899143 | U30: 6.022962 | V30: 3.6402518 | W30: 0 | X30: 0 | Y30: 13.899143 | Z30: 2.1179647 | AA30: 33.357944 | AB30: 18.995496 | AC30: 89.053796 | AD30: 33.093198 | AE30: 116.7528 | AF30: 0.82732995 | AG30: 44.940563 | AH30: 10.589823 | AI30: 13.303466 | AJ30: 66.517328 | AK30: 450.06749 | AL30: 240.25662 | AM30: 205.17783 | AN30: 235.78904 | AO30: 40.208236 | AP30: 301.80997 | AQ30: 159.17828 | AR30: 74.459696 | AS30: 492.42679 | AT30: 175.6256 | AU30: 3776.8605
C31: Production (Tons) | D31: 7.92 | E31: 36 | F31: 0 | G31: 43.2 | H31: 235.6 | I31: 35.7 | J31: 37.62 | K31: 6.9915 | L31: 23.0625 | M31: 46.8 | N31: 20.412 | O31: 68.191 | P31: 101.52 | Q31: 17.316 | R31: 20.216 | S31: 15.912 | T31: 16.8 | U31: 7.28 | V31: 4.18 | W31: 0 | X31: 0 | Y31: 16.8 | Z31: 2.368 | AA31: 39.816 | AB31: 22.386 | AC31: 99.567 | AD31: 36 | AE31: 2.61072 | AF31: 0.925 | AG31: 47.53 | AH31: 11.52 | AI31: 14.472 | AJ31: 76.38 | AK31: 277.44 | AL31: 146.652 | AM31: 126.48 | AN31: 163.875 | AO31: 22.5018 | AP31: 186.504 | AQ31: 97.8835 | AR31: 45.9 | AS31: 281.232 | AT31: 107.7321 | AU31: 2571.2961
C32: Productivity (kg/ha) | D32: 2000 | E32: 2000 | F32: 0 | G32: 2000 | H32: 2000 | I32: 2000 | J32: 1900 | K32: 3950 | L32: 3750 | M32: 3900 | N32: 3600 | O32: 3700 | P32: 4000 | Q32: 3700 | R32: 3800 | S32: 3900 | T32: 4000 | U32: 4000 | V32: 3800 | W32: 0 | X32: 0 | Y32: 4000 | Z32: 3700 | AA32: 3950 | AB32: 3900 | AC32: 3700 | AD32: 3600 | AE32: 74 | AF32: 3700 | AG32: 3500 | AH32: 3600 | AI32: 3600 | AJ32: 3800 | AK32: 2040 | AL32: 2020 | AM32: 2040 | AN32: 2300 | AO32: 1852 | AP32: 2045 | AQ32: 2035 | AR32: 2040 | AS32: 1890 | AT32: 2030 | AU32: 119416
A33: 3 | B33: 3rd Crop Gram | C33: Area (ha) | D33: 0 | E33: 0 | F33: 0 | G33: 5.7912356 | H33: 56.102595 | I33: 0.90488056 | J33: 2.7146417 | K33: 0 | L33: 0 | M33: 0 | N33: 0 | O33: 0 | P33: 0 | Q33: 0 | R33: 0 | S33: 0 | T33: 0 | U33: 0 | V33: 0 | W33: 0 | X33: 0 | Y33: 0 | Z33: 0 | AA33: 0 | AB33: 0 | AC33: 0 | AD33: 0 | AE33: 0 | AF33: 0 | AG33: 0 | AH33: 0 | AI33: 0 | AJ33: 0 | AK33: 0 | AL33: 0 | AM33: 0 | AN33: 19.605746 | AO33: 0 | AP33: 25.095354 | AQ33: 0 | AR33: 0 | AS33: 0 | AT33: 0 | AU33: 110.21445
C34: Production (Tons) | D34: 0 | E34: 0 | F34: 0 | G34: 1.44 | H34: 13.671 | I34: 0.216 | J34: 0.6345 | K34: 0 | L34: 0 | M34: 0 | N34: 0 | O34: 0 | P34: 0 | Q34: 0 | R34: 0 | S34: 0 | T34: 0 | U34: 0 | V34: 0 | W34: 0 | X34: 0 | Y34: 0 | Z34: 0 | AA34: 0 | AB34: 0 | AC34: 0 | AD34: 0 | AE34: 0 | AF34: 0 | AG34: 0 | AH34: 0 | AI34: 0 | AJ34: 0 | AK34: 0 | AL34: 0 | AM34: 0 | AN34: 7.1175 | AO34: 0 | AP34: 9.6096 | AQ34: 0 | AR34: 0 | AS34: 0 | AT34: 0 | AU34: 32.6886
C35: Productivity (kg/ha) | D35: 0 | E35: 0 | F35: 0 | G35: 500 | H35: 490 | I35: 480 | J35: 470 | K35: 0 | L35: 0 | N35: 0 | O35: 0 | P35: 0 | Q35: 0 | R35: 0 | S35: 0 | T35: 0 | U35: 0 | V35: 0 | W35: 0 | X35: 0 | Y35: 0 | Z35: 0 | AA35: 0 | AB35: 0 | AC35: 0 | AE35: 0 | AF35: 0 | AG35: 0 | AH35: 0 | AI35: 0 | AJ35: 0 | AK35: 0 | AL35: 0 | AN35: 730 | AO35: 0 | AP35: 770 | AQ35: 0 | AR35: 0 | AS35: 0 | AT35: 0 | AU35: 3440
A36: 4 | B36: 4th Crop Mustard | C36: Area (ha) | D36: 0 | E36: 10.440576 | F36: 1.8982866 | G36: 17.767963 | H36: 14.711721 | I36: 0.56948598 | J36: 0.64067173 | K36: 2.2399782 | L36: 1.1674463 | M36: 0 | N36: 0.76880607 | O36: 9.20669 | P36: 0 | Q36: 0 | R36: 0 | S36: 3.2270872 | T36: 3.9864019 | U36: 0 | V36: 2.0881153 | W36: 2.5816698 | X36: 1.8508294 | Y36: 0.79728037 | Z36: 0.60745171 | AA36: 2.6576012 | AB36: 3.8914875 | AC36: 16.809328 | AD36: 9.491433 | AE36: 4.7836822 | AF36: 0.18982866 | AG36: 4.603345 | AH36: 0.60745171 | AI36: 1.271852 | AJ36: 1.271852 | AK36: 7.5931464 | AL36: 40.718248 | AM36: 162.3035 | AN36: 32.033586 | AO36: 23.832988 | AP36: 63.78243 | AQ36: 24.582811 | AR36: 10.250748 | AS36: 92.940112 | AT36: 2.477264 | AU36: 580.64316
C37: Production (Tons) | D37: 0 | E37: 8.8 | F37: 1.6 | G37: 14.976 | H37: 12.09 | I37: 0.45 | J37: 0.50625 | K37: 2.36 | L37: 0.984 | M37: 0 | N37: 0.81 | O37: 10.67 | P37: 0 | Q37: 0 | R37: 0 | S37: 4.08 | T37: 2.94 | U37: 0 | V37: 1.76 | W37: 1.632 | X37: 1.365 | Y37: 0.588 | Z37: 0.448 | AA37: 3.64 | AB37: 4.1 | AC37: 21.252 | AD37: 11 | AE37: 5.04 | AF37: 0.2 | AG37: 4.85 | AH37: 0.704 | AI37: 1.608 | AJ37: 1.608 | AK37: 9.52 | AL37: 51.2655 | AM37: 206.91 | AN37: 40.1625 | AO37: 30.05667 | AP37: 79.968 | AQ37: 30.821 | AR37: 12.906 | AS37: 117.89568 | AT37: 3.12678 | AU37: 702.69338
C38: Productivity (kg/ha) | D38: 0 | E38: 800 | F38: 800 | G38: 800 | H38: 780 | I38: 750 | J38: 750 | K38: 1000 | L38: 800 | N38: 1000 | O38: 1100 | P38: 0 | Q38: 0 | R38: 0 | S38: 1200 | T38: 700 | U38: 0 | V38: 800 | W38: 600 | X38: 700 | Y38: 700 | Z38: 700 | AA38: 1300 | AB38: 1000 | AC38: 1200 | AD38: 1100 | AE38: 1000 | AF38: 1000 | AG38: 1000 | AH38: 1100 | AI38: 1200 | AJ38: 1200 | AK38: 1190 | AL38: 1195 | AM38: 1210 | AN38: 1190 | AO38: 1197 | AP38: 1190 | AQ38: 1190 | AR38: 1195 | AS38: 1204 | AT38: 1198 | AU38: 37039
A39: 5 | B39: 5th Crop Cumin | C39: Area (ha) | D39: 16.952009 | E39: 96.318234 | F39: 17.123242 | G39: 47.773844 | H39: 13.270512 | I39: 1.4447735 | J39: 0.72238676 | K39: 0 | L39: 0 | M39: 0 | N39: 1.7337282 | O39: 15.571448 | P39: 3.0179713 | Q39: 0 | R39: 0 | S39: 0 | T39: 0 | U39: 0 | V39: 0 | W39: 0 | X39: 0 | Y39: 0 | Z39: 0 | AA39: 0 | AB39: 0 | AC39: 57.106011 | AD39: 3.2106078 | AE39: 1.7979404 | AF39: 0.10702026 | AG39: 2.076193 | AH39: 0.17123242 | AI39: 0 | AJ39: 0.71703574 | AK39: 8.5616208 | AL39: 24.72168 | AM39: 144.47735 | AN39: 12.039779 | AO39: 13.869826 | AP39: 77.054587 | AQ39: 27.718247 | AR39: 6.7422764 | AS39: 59.588881 | AT39: 8.3796864 | AU39: 662.26812
C40: Production (Tons) | D40: 7.92 | E40: 45 | F40: 8 | G40: 22.32 | H40: 6.2 | I40: 0.648 | J40: 0.320625 | K40: 0 | L40: 0 | M40: 0 | N40: 0.81 | O40: 10.185 | P40: 1.974 | Q40: 0 | R40: 0 | S40: 0 | T40: 0 | U40: 0 | V40: 0 | W40: 0 | X40: 0 | Y40: 0 | Z40: 0 | AA40: 0 | AB40: 0 | AC40: 29.348 | AD40: 1.8 | AE40: 1.008 | AF40: 0.06 | AG40: 1.164 | AH40: 0.08 | AI40: 0 | AJ40: 0.469 | AK40: 7.28 | AL40: 20.79 | AM40: 121.23 | AN40: 10.0125 | AO40: 11.5344 | AP40: 64.08 | AQ40: 23.051 | AR40: 5.6385 | AS40: 49.5552 | AT40: 7.7517 | AU40: 458.22993
C41: Productivity (kg/ha) | D41: 500 | E41: 500 | F41: 500 | G41: 500 | H41: 500 | I41: 480 | J41: 475 | K41: 0 | L41: 0 | N41: 500 | O41: 700 | P41: 700 | Q41: 0 | R41: 0 | S41: 0 | T41: 0 | U41: 0 | V41: 0 | W41: 0 | X41: 0 | Y41: 0 | Z41: 0 | AA41: 0 | AB41: 0 | AC41: 550 | AD41: 600 | AE41: 600 | AF41: 600 | AG41: 600 | AH41: 500 | AI41: 0 | AJ41: 700 | AK41: 910 | AL41: 900 | AM41: 898 | AN41: 890 | AO41: 890 | AP41: 890 | AQ41: 890 | AR41: 895 | AS41: 890 | AT41: 990 | AU41: 18548
A42: 6 | B42: 6th Crop Taramira | C42: Area (ha) | D42: 0 | E42: 0 | F42: 0 | G42: 0 | H42: 0 | I42: 0 | J42: 0 | K42: 2.5326346 | L42: 0 | M42: 0 | N42: 3.4770068 | O42: 149.89763 | P42: 4.0350449 | Q42: 0 | R42: 0 | S42: 1.7513812 | T42: 3.6057848 | U42: 0 | V42: 0.94437222 | W42: 2.9189687 | X42: 1.6741144 | Y42: 1.8028924 | Z42: 0.54945293 | AA42: 2.4038566 | AB42: 3.5199328 | AC42: 1.9745965 | AD42: 4.292601 | AE42: 5.0480988 | AF42: 0.34340808 | AG42: 2.4982938 | AH42: 0.13736323 | AI42: 2.3008341 | AJ42: 0.57520853 | AK42: 0 | AL42: 0 | AM42: 0 | AN42: 0 | AO42: 0 | AP42: 0 | AQ42: 0 | AR42: 0 | AS42: 0 | AT42: 0 | AU42: 196.28347
C43: Production (Tons) | D43: 0 | E43: 0 | F43: 0 | G43: 0 | H43: 0 | I43: 0 | J43: 0 | K43: 1.593 | L43: 0 | M43: 0 | N43: 1.215 | O43: 87.3 | P43: 3.29 | Q43: 0 | R43: 0 | S43: 1.224 | T43: 2.52 | U43: 0 | V43: 0.55 | W43: 1.7 | X43: 0.78 | Y43: 1.26 | Z43: 1.3824 | AA43: 1.68 | AB43: 2.05 | AC43: 0.92 | AD43: 2 | AE43: 2.646 | AF43: 0.18 | AG43: 0.873 | AH43: 0.064 | AI43: 1.072 | AJ43: 0.3015 | AK43: 0 | AL43: 0 | AM43: 0 | AN43: 0 | AO43: 0 | AP43: 0 | AQ43: 0 | AR43: 0 | AS43: 0 | AT43: 0 | AU43: 114.6009
C44: Productivity (kg/ha) | D44: 0 | G44: 0 | H44: 0 | I44: 0 | J44: 0 | K44: 540 | L44: 0 | N44: 300 | O44: 500 | P44: 700 | Q44: 0 | R44: 0 | S44: 600 | T44: 600 | U44: 0 | V44: 500 | W44: 500 | X44: 400 | Y44: 600 | Z44: 2160 | AA44: 600 | AB44: 500 | AC44: 400 | AD44: 400 | AE44: 450 | AF44: 450 | AG44: 300 | AH44: 400 | AI44: 400 | AJ44: 450 | AK44: 0 | AL44: 0 | AN44: 0 | AO44: 0 | AP44: 0 | AQ44: 0 | AR44: 0 | AS44: 0 | AT44: 0 | AU44: 11750
C46: Kharif | D46: =D5+D8+D11+D14+D17+D20+D23 -> 653.4594 | E46: =E5+E8+E11+E14+E17+E20+E23 -> 785.4467 | F46: =F5+F8+F11+F14+F17+F20+F23 -> 327.5125 | G46: =G5+G8+G11+G14+G17+G20+G23 -> 1363.1623 | H46: =H5+H8+H11+H14+H17+H20+H23 -> 765.37884 | I46: =I5+I8+I11+I14+I17+I20+I23 -> 114.816 | J46: =J5+J8+J11+J14+J17+J20+J23 -> 99.900855 | K46: =K5+K8+K11+K14+K17+K20+K23 -> 210.60876 | ... AU46: =AU5+AU8+AU11+AU14+AU17+AU20+AU23 -> 16393.054
C47: Rabi | D47: =D42+D39+D36+D33+D30+D27 -> 48.431365 | E47: =E42+E39+E36+E33+E30+E27 -> 201.12666 | F47: =F42+F39+F36+F33+F30+F27 -> 23.661541 | G47: =G42+G39+G36+G33+G30+G27 -> 240.25461 | H47: =H42+H39+H36+H33+H30+H27 -> 646.53116 | I47: =I42+I39+I36+I33+I30+I27 -> 90.004573 | J47: =J42+J39+J36+J33+J30+J27 -> 104.05432 | K47: =K42+K39+K36+K33+K30+K27 -> 27.740155 | ... AU47: =AU42+AU39+AU36+AU33+AU30+AU27 -> 8311.8393
A49: Source- AGRICULTURE DEPARTMENT, AJMER (RAJASTHAN) -2015-16 & PMKSY District Action Plan Ajmer

Sheet Reported Yield 
A1: REPORTED Yield of GW Extraction Units (Tube wells/dug wells/Dug cum bore Wells) for Irrigation, Drinking & domestic purposes in Peesangan Ground water cluster
A2: S.No | B2: Name of the village | C2: GW Extraction Units | D2: Average Discharge (lph) of all units in village as Reported | E2: Pumping Hours per day | F2: Average Discharge (lpd) of all units in village as Reported
A3: 1 | B3: Bhagwanpura | C3: DCBW | D3: 13047 | E3: 5 | F3: =D3*E3 -> 65235 | G3: 8 | H3: =D3*G3 -> 104376
C4: DW | D4: 16197 | E4: 3 | F4: =D4*E4 -> 48591 | G4: 8 | H4: =D4*G4 -> 129576
C5: TW | D5: 12569 | E5: 4.5 | F5: =D5*E5 -> 56560.5 | G5: 8 | H5: =D5*G5 -> 100552
A6: 2 | B6: Sawaipura | C6: DCBW | D6: 3000 | E6: 4.33 | F6: =D6*E6 -> 12990 | G6: 8 | H6: =D6*G6 -> 24000
C7: DW | G7: 8 | H7: =D7*G7 -> 0
C8: TW | D8: 9054 | E8: 4 | F8: =D8*E8 -> 36216 | G8: 8 | H8: =D8*G8 -> 72432
A9: 3 | B9: Surajkund | C9: DCBW | D9: 7348.125 | E9: 5 | F9: =D9*E9 -> 36740.625 | G9: 8 | H9: =D9*G9 -> 58785
C10: DW | G10: 8 | H10: =D10*G10 -> 0
C11: TW | D11: 9195 | E11: 4.8 | F11: =D11*E11 -> 44136 | G11: 8 | H11: =D11*G11 -> 73560
A12: 4 | B12: Bhanwta | C12: DCBW | G12: 8 | H12: =D12*G12 -> 0
C13: DW | D13: 17413.8 | E13: 5 | F13: =D13*E13 -> 87069 | G13: 8 | H13: =D13*G13 -> 139310.4
C14: TW | D14: 11500 | E14: 3 | F14: =D14*E14 -> 34500 | G14: 8 | H14: =D14*G14 -> 92000
A15: 5 | B15: Budhwara | C15: DCBW | D15: 32571.8 | E15: 4.28 | F15: =D15*E15 -> 139407.3 | G15: 8 | H15: =D15*G15 -> 260574.4
C16: DW | D16: 27413 | E16: 4.31 | F16: =D16*E16 -> 118150.03 | G16: 8 | H16: =D16*G16 -> 219304
C17: TW | D17: 23066 | E17: 4.21 | F17: =D17*E17 -> 97107.86 | G17: 8 | H17: =D17*G17 -> 184528
A18: 6 | B18: Nooriyawas | C18: DCBW | D18: 12166 | E18: 5 | F18: =D18*E18 -> 60830 | G18: 8 | H18: =D18*G18 -> 97328
C19: DW | D19: 30946 | E19: 4.84 | F19: =D19*E19 -> 149778.64 | G19: 8 | H19: =D19*G19 -> 247568
C20: TW | D20: 10920 | E20: 3.17 | F20: =D20*E20 -> 34616.4 | G20: 8 | H20: =D20*G20 -> 87360
A21: 7 | B21: Dantra | C21: DCBW | D21: 58000 | E21: 5 | F21: =D21*E21 -> 290000 | G21: 8 | H21: =D21*G21 -> 464000
C22: DW | D22: 33821 | E22: 4.18 | F22: =D22*E22 -> 141371.78 | G22: 8 | H22: =D22*G22 -> 270568
C23: TW | D23: 41992.8 | E23: 4.15 | F23: =D23*E23 -> 174270.12 | G23: 8 | H23: =D23*G23 -> 335942.4
A24: 8 | B24: layli kheda | C24: DCBW | G24: 8 | H24: =D24*G24 -> 0
C25: DW | G25: 8 | H25: =D25*G25 -> 0
C26: TW | G26: 8 | H26: =D26*G26 -> 0
A27: 9 | B27: Banseli | C27: DCBW | D27: 5928 | E27: 4.23 | F27: =D27*E27 -> 25075.44 | G27: 8 | H27: =D27*G27 -> 47424
C28: DW | D28: 7250 | E28: 4 | F28: =D28*E28 -> 29000 | G28: 8 | H28: =D28*G28 -> 58000
C29: TW | D29: 6839.4 | E29: 5 | F29: =D29*E29 -> 34197 | G29: 8 | H29: =D29*G29 -> 54715.2
A30: 10 | B30: Deo Nagar | C30: DCBW | D30: 8544 | E30: 4.32 | F30: =D30*E30 -> 36910.08 | G30: 8 | H30: =D30*G30 -> 68352
C31: DW | D31: 4500 | E31: 5 | F31: =D31*E31 -> 22500 | G31: 8 | H31: =D31*G31 -> 36000
C32: TW | D32: 11492.75 | E32: 4.64 | F32: =D32*E32 -> 53326.36 | G32: 8 | H32: =D32*G32 -> 91942
A33: 11 | B33: Dodiyana | C33: DCBW | G33: 8 | H33: =D33*G33 -> 0
C34: DW | D34: 10500 | E34: 2 | F34: =D34*E34 -> 21000 | G34: 8 | H34: =D34*G34 -> 84000
C35: TW | G35: 8 | H35: =D35*G35 -> 0
A36: 12 | B36: Nathoothala | C36: DCBW | D36: 38776 | E36: 5 | F36: =D36*E36 -> 193880 | G36: 8 | H36: =D36*G36 -> 310208
C37: DW | D37: 15560 | E37: 3.65 | F37: =D37*E37 -> 56794 | G37: 8 | H37: =D37*G37 -> 124480
C38: TW | D38: 13553 | E38: 2.16 | F38: =D38*E38 -> 29274.48 | G38: 8 | H38: =D38*G38 -> 108424
A39: 13 | B39: Amba Maseena | C39: DCBW | G39: 8 | H39: =D39*G39 -> 0
C40: DW | D40: 2000 | E40: 4 | F40: =D40*E40 -> 8000 | G40: 8 | H40: =D40*G40 -> 16000
C41: TW | G41: 8 | H41: =D41*G41 -> 0
A42: 14 | B42: Doomara | C42: DCBW | G42: 8 | H42: =D42*G42 -> 0
C43: DW | D43: 30885 | E43: 5.15 | F43: =D43*E43 -> 159057.75 | G43: 8 | H43: =D43*G43 -> 247080
C44: TW | G44: 8 | H44: =D44*G44 -> 0
A45: 15 | B45: Chawandiya | C45: DCBW | D45: 15500 | E45: 3 | F45: =D45*E45 -> 46500 | G45: 8 | H45: =D45*G45 -> 124000
C46: DW | D46: 12500 | E46: 4 | F46: =D46*E46 -> 50000 | G46: 8 | H46: =D46*G46 -> 100000
C47: TW | D47: 17186 | E47: 4.6 | F47: =D47*E47 -> 79055.6 | G47: 8 | H47: =D47*G47 -> 137488
A48: 16 | B48: Ganahera | C48: DCBW | D48: 9571 | E48: 3.1 | F48: =D48*E48 -> 29670.1 | G48: 8 | H48: =D48*G48 -> 76568
C49: DW | G49: 8 | H49: =D49*G49 -> 0
C50: TW | D50: 8734 | E50: 5 | F50: =D50*E50 -> 43670 | G50: 8 | H50: =D50*G50 -> 69872
A51: 17 | B51: Govindgarh | C51: DCBW | D51: 35779 | E51: 1.45 | F51: =D51*E51 -> 51879.55 | G51: 8 | H51: =D51*G51 -> 286232
C52: DW | D52: 28036 | E52: 2.71 | F52: =D52*E52 -> 75977.56 | G52: 8 | H52: =D52*G52 -> 224288
C53: TW | G53: 8 | H53: =D53*G53 -> 0
A54: 18 | B54: Jaswantpura | C54: DCBW | G54: 8 | H54: =D54*G54 -> 0
C55: DW | G55: 8 | H55: =D55*G55 -> 0
C56: TW | G56: 8 | H56: =D56*G56 -> 0
A57: 19 | B57: Doongariya Khurd | C57: DCBW | G57: 8 | H57: =D57*G57 -> 0
C58: DW | G58: 8 | H58: =D58*G58 -> 0
C59: TW | D59: 9833 | E59: 5 | F59: =D59*E59 -> 49165 | G59: 8 | H59: =D59*G59 -> 78664
A60: 20 | B60: Kadel | C60: DCBW | G60: 8 | H60: =D60*G60 -> 0
C61: DW | G61: 8 | H61: =D61*G61 -> 0
C62: TW | D62: 15500 | E62: 5 | F62: =D62*E62 -> 77500 | G62: 8 | H62: =D62*G62 -> 124000
A63: 21 | B63: Kalesara | C63: DCBW | D63: 2000 | E63: 1 | F63: =D63*E63 -> 2000 | G63: 8 | H63: =D63*G63 -> 16000
C64: DW | G64: 8 | H64: =D64*G64 -> 0
C65: TW | G65: 8 | H65: =D65*G65 -> 0
A66: 22 | B66: Sarsari | C66: DCBW | G66: 8 | H66: =D66*G66 -> 0
C67: DW | G67: 8 | H67: =D67*G67 -> 0
C68: TW | G68: 8 | H68: =D68*G68 -> 0
A69: 23 | B69: Kawalai | C69: DCBW | G69: 8 | H69: =D69*G69 -> 0
C70: DW | G70: 8 | H70: =D70*G70 -> 0
C71: TW | D71: 15500 | E71: 5 | F71: =D71*E71 -> 77500 | G71: 8 | H71: =D71*G71 -> 124000
A72: 24 | B72: Khori | C72: DCBW | D72: 15440 | E72: 3 | F72: =D72*E72 -> 46320 | G72: 8 | H72: =D72*G72 -> 123520
C73: DW | G73: 8 | H73: =D73*G73 -> 0
C74: TW | D74: 16940 | E74: 3 | F74: =D74*E74 -> 50820 | G74: 8 | H74: =D74*G74 -> 135520
A75: 25 | B75: Gudha | C75: DCBW | G75: 8 | H75: =D75*G75 -> 0
C76: DW | G76: 8 | H76: =D76*G76 -> 0
C77: TW | D77: 3500 | E77: 5 | F77: =D77*E77 -> 17500 | G77: 8 | H77: =D77*G77 -> 28000
A78: 26 | B78: Majhewla | C78: DCBW | G78: 8 | H78: =D78*G78 -> 0
C79: DW | G79: 8 | H79: =D79*G79 -> 0
C80: TW | D80: 15000 | E80: 5 | F80: =D80*E80 -> 75000 | G80: 8 | H80: =D80*G80 -> 120000
A81: 27 | B81: Rewat | C81: DCBW | G81: 8 | H81: =D81*G81 -> 0
C82: DW | G82: 8 | H82: =D82*G82 -> 0
C83: TW | D83: 22600 | E83: 5 | F83: =D83*E83 -> 113000 | G83: 8 | H83: =D83*G83 -> 180800
A84: 28 | B84: Leswa | C84: DCBW | D84: 10500 | E84: 2.75 | F84: =D84*E84 -> 28875 | G84: 8 | H84: =D84*G84 -> 84000
C85: DW | D85: 7853 | E85: 1.6 | F85: =D85*E85 -> 12564.8 | G85: 8 | H85: =D85*G85 -> 62824
C86: TW | D86: 15000 | E86: 5 | F86: =D86*E86 -> 75000 | G86: 8 | H86: =D86*G86 -> 120000
A87: 29 | B87: Nand | C87: DCBW | G87: 8 | H87: =D87*G87 -> 0
C88: DW | G88: 8 | H88: =D88*G88 -> 0
C89: TW | D89: 7860 | E89: 4.38 | F89: =D89*E89 -> 34426.8 | G89: 8 | H89: =D89*G89 -> 62880
A90: 30 | B90: Rampura Nand | C90: DCBW | G90: 8 | H90: =D90*G90 -> 0
C91: DW | G91: 8 | H91: =D91*G91 -> 0
C92: TW | D92: 6370 | E92: 6 | F92: =D92*E92 -> 38220 | G92: 8 | H92: =D92*G92 -> 50960
A93: 31 | B93: Pisangan | C93: DCBW | D93: 14500 | E93: 5 | F93: =D93*E93 -> 72500 | G93: 8 | H93: =D93*G93 -> 116000
C94: DW | D94: 12828 | E94: 5 | F94: =D94*E94 -> 64140 | G94: 8 | H94: =D94*G94 -> 102624
C95: TW | D95: 9666 | E95: 5 | F95: =D95*E95 -> 48330 | G95: 8 | H95: =D95*G95 -> 77328
A96: 32 | B96: Picholiya | C96: DCBW | D96: 11355 | E96: 3.77 | F96: =D96*E96 -> 42808.35 | G96: 8 | H96: =D96*G96 -> 90840
C97: DW | D97: 7528 | E97: 3.42 | F97: =D97*E97 -> 25745.76 | G97: 8 | H97: =D97*G97 -> 60224
C98: TW | D98: 10788 | E98: 3.74 | F98: =D98*E98 -> 40347.12 | G98: 8 | H98: =D98*G98 -> 86304
A99: 33 | B99: Pushkar (M) | C99: DCBW | G99: 8 | H99: =D99*G99 -> 0
C100: DW | D100: 2000 | E100: 1.5 | F100: =D100*E100 -> 3000 | G100: 8 | H100: =D100*G100 -> 16000
...
